lgd_code,district_name,state_code,state_name,total_population,rural_pct,sc_pct,st_pct,literacy_rate,sex_ratio,source_tag
28001,Alluri Sitharama Raju,AP,Andhra Pradesh,1276778,65.4,9.7,21.0,67.4,1029,CENSUS_2011
28002,Anakapalli,AP,Andhra Pradesh,2392670,61.0,10.1,25.9,72.8,910,CENSUS_2011
28003,Ananthapuramu,AP,Andhra Pradesh,1042679,70.2,23.7,19.6,69.6,946,CENSUS_2011
28004,Annamayya,AP,Andhra Pradesh,990102,71.2,8.8,4.0,66.5,930,CENSUS_2011
28005,Bapatla,AP,Andhra Pradesh,2011349,66.6,18.4,5.1,75.9,931,CENSUS_2011
28006,Chittoor,AP,Andhra Pradesh,1587384,81.2,20.8,19.6,80.8,969,CENSUS_2011
28007,Dr. B.R. Ambedkar Konaseema,AP,Andhra Pradesh,1209602,77.3,11.2,3.6,78.7,1000,CENSUS_2011
28008,East Godavari,AP,Andhra Pradesh,895586,80.4,10.8,14.1,79.4,944,CENSUS_2011
28009,Eluru,AP,Andhra Pradesh,819285,81.1,11.2,17.1,66.4,950,CENSUS_2011
28010,Guntur,AP,Andhra Pradesh,1760917,65.8,23.0,24.7,80.9,984,CENSUS_2011
28011,Kakinada,AP,Andhra Pradesh,806533,62.0,12.7,1.1,72.2,923,CENSUS_2011
28012,Krishna,AP,Andhra Pradesh,1552235,81.4,23.7,7.4,77.7,931,CENSUS_2011
28013,Kurnool,AP,Andhra Pradesh,1388415,66.1,21.1,10.5,66.2,1020,CENSUS_2011
28014,Nandyal,AP,Andhra Pradesh,2255982,76.2,15.3,26.6,68.3,974,CENSUS_2011
28015,NTR,AP,Andhra Pradesh,2116893,64.7,23.3,22.5,73.0,933,CENSUS_2011
28016,Palnadu,AP,Andhra Pradesh,2314903,79.5,11.7,22.7,78.2,1022,CENSUS_2011
28017,Parvathipuram Manyam,AP,Andhra Pradesh,1716273,73.8,9.3,8.7,69.7,959,CENSUS_2011
28018,Prakasam,AP,Andhra Pradesh,1578751,71.8,21.6,25.2,77.5,1014,CENSUS_2011
28019,Srikakulam,AP,Andhra Pradesh,2277078,80.9,22.2,13.7,72.2,1028,CENSUS_2011
28020,Sri Potti Sriramulu Nellore,AP,Andhra Pradesh,1913589,60.6,19.5,26.9,70.3,991,CENSUS_2011
28021,Sri Sathya Sai,AP,Andhra Pradesh,1020845,69.6,24.4,8.3,77.5,1027,CENSUS_2011
28022,Tirupati,AP,Andhra Pradesh,1100674,61.9,16.3,21.5,77.2,1011,CENSUS_2011
28023,Visakhapatnam,AP,Andhra Pradesh,1715438,66.1,20.9,17.1,75.0,915,CENSUS_2011
28024,Vizianagaram,AP,Andhra Pradesh,1910101,73.8,10.5,16.2,65.9,967,CENSUS_2011
28025,West Godavari,AP,Andhra Pradesh,1556723,69.9,13.0,7.2,75.1,962,CENSUS_2011
28026,Y.S.R. Kadapa,AP,Andhra Pradesh,1749566,71.9,18.2,25.0,72.4,972,CENSUS_2011
12001,Anjaw,AR,Arunachal Pradesh,119318,77.3,0.8,92.1,81.9,1030,CENSUS_2011
12002,Changlang,AR,Arunachal Pradesh,160460,85.6,0.1,73.9,74.2,947,CENSUS_2011
12003,Dibang Valley,AR,Arunachal Pradesh,36344,76.2,1.5,94.0,74.0,1015,CENSUS_2011
12004,East Kameng,AR,Arunachal Pradesh,344424,77.3,2.1,63.4,70.0,1006,CENSUS_2011
12005,East Siang,AR,Arunachal Pradesh,82384,79.5,1.6,89.7,70.0,1003,CENSUS_2011
12006,Kamle,AR,Arunachal Pradesh,185801,84.9,1.2,71.7,71.2,1040,CENSUS_2011
12007,Kra Daadi,AR,Arunachal Pradesh,155648,83.4,1.6,81.1,75.0,925,CENSUS_2011
12008,Kurung Kumey,AR,Arunachal Pradesh,95382,80.3,1.9,67.7,69.5,991,CENSUS_2011
12009,Lepa Rada,AR,Arunachal Pradesh,249064,72.6,0.2,93.9,68.9,919,CENSUS_2011
12010,Lohit,AR,Arunachal Pradesh,223048,71.3,2.4,92.3,73.5,1006,CENSUS_2011
12011,Longding,AR,Arunachal Pradesh,48516,72.9,2.0,80.0,75.2,894,CENSUS_2011
12012,Lower Dibang Valley,AR,Arunachal Pradesh,73530,89.8,0.5,64.3,74.4,1039,CENSUS_2011
12013,Lower Siang,AR,Arunachal Pradesh,283652,71.5,0.3,63.3,84.6,985,CENSUS_2011
12014,Lower Subansiri,AR,Arunachal Pradesh,259978,88.6,2.1,80.9,87.5,1032,CENSUS_2011
12015,Namsai,AR,Arunachal Pradesh,79541,89.4,1.9,61.7,71.1,910,CENSUS_2011
12016,Pakke Kessang,AR,Arunachal Pradesh,127114,72.8,0.7,79.0,78.7,980,CENSUS_2011
12017,Papum Pare,AR,Arunachal Pradesh,197673,86.4,2.0,62.6,72.4,919,CENSUS_2011
12018,Shi Yomi,AR,Arunachal Pradesh,200747,73.3,1.2,70.3,69.4,960,CENSUS_2011
12019,Siang,AR,Arunachal Pradesh,215060,91.6,1.7,61.3,69.7,1002,CENSUS_2011
12020,Tawang,AR,Arunachal Pradesh,240498,72.8,0.3,79.0,82.2,974,CENSUS_2011
12021,Tirap,AR,Arunachal Pradesh,211561,89.3,1.5,65.2,80.4,936,CENSUS_2011
12022,Upper Siang,AR,Arunachal Pradesh,311540,79.2,0.6,80.6,71.2,954,CENSUS_2011
12023,Upper Subansiri,AR,Arunachal Pradesh,202082,90.5,1.7,86.9,84.8,925,CENSUS_2011
12024,West Kameng,AR,Arunachal Pradesh,316046,70.4,0.7,64.9,78.3,999,CENSUS_2011
12025,West Siang,AR,Arunachal Pradesh,209335,72.9,0.9,81.9,75.0,1008,CENSUS_2011
12026,Itanagar Capital Complex,AR,Arunachal Pradesh,264088,89.6,2.2,73.1,82.9,937,CENSUS_2011
18001,Baksa,AS,Assam,2359849,80.9,18.8,10.8,66.3,930,CENSUS_2011
18002,Barpeta,AS,Assam,1511571,80.1,21.2,20.0,67.0,944,CENSUS_2011
18003,Biswanath,AS,Assam,2364501,68.0,24.7,22.4,68.8,950,CENSUS_2011
18004,Bongaigaon,AS,Assam,1081604,76.9,16.5,24.4,67.2,921,CENSUS_2011
18005,Cachar,AS,Assam,786390,78.2,8.8,18.3,65.5,1037,CENSUS_2011
18006,Charaideo,AS,Assam,1536169,62.9,17.5,9.6,71.3,1009,CENSUS_2011
18007,Chirang,AS,Assam,802043,61.1,23.0,18.7,73.4,1010,CENSUS_2011
18008,Darrang,AS,Assam,1466732,76.6,16.7,14.5,68.4,901,CENSUS_2011
18009,Dhemaji,AS,Assam,2221115,79.2,18.1,8.2,75.7,1038,CENSUS_2011
18010,Dhubri,AS,Assam,1134827,72.3,16.1,11.2,82.0,934,CENSUS_2011
18011,Dibrugarh,AS,Assam,2213439,66.0,19.5,11.3,67.1,991,CENSUS_2011
18012,Dima Hasao,AS,Assam,2204408,70.4,10.3,27.0,76.6,930,CENSUS_2011
18013,Goalpara,AS,Assam,1307056,79.3,17.7,3.9,65.2,975,CENSUS_2011
18014,Golaghat,AS,Assam,2103531,62.1,16.1,26.3,81.7,891,CENSUS_2011
18015,Hailakandi,AS,Assam,1021253,70.0,14.4,20.0,81.8,1010,CENSUS_2011
18016,Hojai,AS,Assam,1634244,77.8,16.7,13.3,72.7,904,CENSUS_2011
18017,Jorhat,AS,Assam,1640650,79.1,14.4,19.4,80.4,1028,CENSUS_2011
18018,Kamrup,AS,Assam,732811,65.3,18.1,13.1,66.1,902,CENSUS_2011
18019,Kamrup Metropolitan,AS,Assam,1067280,73.8,16.4,27.3,72.3,987,CENSUS_2011
18020,Karbi Anglong,AS,Assam,1099468,61.1,18.3,2.1,71.4,908,CENSUS_2011
18021,Karimganj,AS,Assam,1248534,67.9,15.9,22.7,80.0,1010,CENSUS_2011
18022,Kokrajhar,AS,Assam,1666428,63.7,10.9,20.4,78.5,1015,CENSUS_2011
18023,Lakhimpur,AS,Assam,1562639,60.3,12.7,27.4,74.0,894,CENSUS_2011
18024,Majuli,AS,Assam,1549930,68.3,9.0,1.3,74.4,933,CENSUS_2011
18025,Morigaon,AS,Assam,2194664,78.1,13.1,16.2,80.8,1035,CENSUS_2011
18026,Nagaon,AS,Assam,1487327,69.5,19.2,3.3,76.6,965,CENSUS_2011
18027,Nalbari,AS,Assam,1507902,60.3,21.2,20.6,72.0,1033,CENSUS_2011
18028,Sivasagar,AS,Assam,2386270,79.0,15.3,23.2,72.5,924,CENSUS_2011
18029,Sonitpur,AS,Assam,1139664,69.6,19.8,23.1,70.0,994,CENSUS_2011
18030,South Salmara-Mankachar,AS,Assam,1048837,74.2,24.7,19.3,65.8,992,CENSUS_2011
18031,Tinsukia,AS,Assam,2231237,63.1,15.7,6.6,70.3,1013,CENSUS_2011
18032,Udalguri,AS,Assam,2246415,73.5,18.1,11.5,68.4,944,CENSUS_2011
18033,West Karbi Anglong,AS,Assam,877737,74.8,12.1,4.2,70.3,985,CENSUS_2011
18034,Bajali,AS,Assam,2135912,70.8,15.5,5.5,77.1,1034,CENSUS_2011
18035,Tamulpur,AS,Assam,1324340,79.2,12.5,24.3,65.5,912,CENSUS_2011
10001,Araria,BR,Bihar,1599403,68.1,15.0,2.6,75.0,960,CENSUS_2011
10002,Arwal,BR,Bihar,1590664,81.8,19.3,10.7,69.2,906,CENSUS_2011
10003,Aurangabad,BR,Bihar,1753283,85.3,22.9,24.7,66.0,913,CENSUS_2011
10004,Banka,BR,Bihar,2806711,67.1,9.8,10.9,76.1,966,CENSUS_2011
10005,Begusarai,BR,Bihar,1786490,70.7,12.2,17.2,72.9,962,CENSUS_2011
10006,Bhagalpur,BR,Bihar,2732650,77.6,16.0,27.7,63.5,908,CENSUS_2011
10007,Bhojpur,BR,Bihar,1477306,72.1,24.2,7.4,68.7,952,CENSUS_2011
10008,Buxar,BR,Bihar,2340769,77.0,24.6,17.9,65.3,1017,CENSUS_2011
10009,Darbhanga,BR,Bihar,2549735,70.7,13.4,23.3,78.3,1036,CENSUS_2011
10010,East Champaran,BR,Bihar,3492435,82.5,8.1,12.1,64.9,949,CENSUS_2011
10011,Gaya,BR,Bihar,3635928,67.2,21.9,3.0,62.7,1035,CENSUS_2011
10012,Gopalganj,BR,Bihar,1702953,67.1,13.2,20.0,76.2,900,CENSUS_2011
10013,Jamui,BR,Bihar,1552486,78.4,21.8,1.6,65.2,906,CENSUS_2011
10014,Jehanabad,BR,Bihar,3292503,74.5,9.0,8.6,71.0,925,CENSUS_2011
10015,Kaimur,BR,Bihar,3649427,88.0,9.7,18.7,79.5,958,CENSUS_2011
10016,Katihar,BR,Bihar,3264548,77.5,8.6,2.5,63.5,946,CENSUS_2011
10017,Khagaria,BR,Bihar,3032358,83.2,19.0,5.7,79.2,1033,CENSUS_2011
10018,Kishanganj,BR,Bihar,1526344,70.5,10.9,24.9,79.6,912,CENSUS_2011
10019,Lakhisarai,BR,Bihar,3092836,66.7,13.0,9.6,76.9,916,CENSUS_2011
10020,Madhepura,BR,Bihar,2196349,67.2,17.3,14.3,67.9,903,CENSUS_2011
10021,Madhubani,BR,Bihar,2148928,84.3,10.6,19.8,71.3,914,CENSUS_2011
10022,Munger,BR,Bihar,3083409,69.0,24.5,22.8,79.7,922,CENSUS_2011
10023,Muzaffarpur,BR,Bihar,3643924,82.4,23.7,16.2,78.8,915,CENSUS_2011
10024,Nalanda,BR,Bihar,3262000,84.7,24.5,7.2,73.7,966,CENSUS_2011
10025,Nawada,BR,Bihar,1441707,70.7,23.6,20.0,69.1,960,CENSUS_2011
10026,Patna,BR,Bihar,2067092,71.2,8.3,22.1,68.2,892,CENSUS_2011
10027,Purnia,BR,Bihar,3690462,79.0,9.8,2.7,66.0,960,CENSUS_2011
10028,Rohtas,BR,Bihar,1996561,72.9,19.7,18.2,74.3,1011,CENSUS_2011
10029,Saharsa,BR,Bihar,1694011,75.8,17.9,26.5,77.3,908,CENSUS_2011
10030,Samastipur,BR,Bihar,1907183,78.3,21.3,22.1,63.2,923,CENSUS_2011
10031,Saran,BR,Bihar,2419820,75.5,16.9,12.7,70.4,924,CENSUS_2011
10032,Sheikhpura,BR,Bihar,1282802,66.1,15.6,4.3,62.3,954,CENSUS_2011
10033,Sheohar,BR,Bihar,1365279,77.6,19.7,14.0,78.2,950,CENSUS_2011
10034,Sitamarhi,BR,Bihar,1392472,65.2,19.0,9.9,62.8,1002,CENSUS_2011
10035,Siwan,BR,Bihar,3764075,73.7,8.5,19.5,67.2,923,CENSUS_2011
10036,Supaul,BR,Bihar,3541865,85.5,8.2,26.2,72.3,1019,CENSUS_2011
10037,Vaishali,BR,Bihar,1200711,84.0,24.4,18.2,75.8,1020,CENSUS_2011
10038,West Champaran,BR,Bihar,3265368,68.2,20.3,3.9,74.3,940,CENSUS_2011
22001,Balod,CG,Chhattisgarh,1071620,75.2,21.9,3.8,68.0,972,CENSUS_2011
22002,Baloda Bazar,CG,Chhattisgarh,2110069,62.9,24.6,5.8,77.1,1028,CENSUS_2011
22003,Balrampur,CG,Chhattisgarh,2148282,77.3,17.2,10.7,68.5,1005,CENSUS_2011
22004,Bastar,CG,Chhattisgarh,2029150,75.5,20.8,15.8,76.0,940,CENSUS_2011
22005,Bemetara,CG,Chhattisgarh,1728759,77.4,9.2,20.1,74.4,1024,CENSUS_2011
22006,Bijapur,CG,Chhattisgarh,783628,75.0,23.6,26.5,70.5,988,CENSUS_2011
22007,Bilaspur,CG,Chhattisgarh,2173758,79.3,15.4,23.1,77.6,908,CENSUS_2011
22008,Dantewada,CG,Chhattisgarh,1754525,62.3,13.1,3.3,78.4,1002,CENSUS_2011
22009,Dhamtari,CG,Chhattisgarh,878523,66.7,23.4,10.3,77.7,995,CENSUS_2011
22010,Durg,CG,Chhattisgarh,1297975,73.6,13.4,13.2,80.3,968,CENSUS_2011
22011,Gariaband,CG,Chhattisgarh,1829563,64.3,18.7,20.6,77.5,894,CENSUS_2011
22012,Gaurela Pendra Marwahi,CG,Chhattisgarh,1987726,75.1,10.4,5.3,77.9,1034,CENSUS_2011
22013,Janjgir Champa,CG,Chhattisgarh,1252213,72.7,14.4,11.2,74.7,1040,CENSUS_2011
22014,Jashpur,CG,Chhattisgarh,2210485,62.5,16.1,17.0,76.5,995,CENSUS_2011
22015,Kabirdham,CG,Chhattisgarh,1960050,63.1,21.0,17.8,74.9,1020,CENSUS_2011
22016,Kanker,CG,Chhattisgarh,702517,79.7,19.0,15.1,78.2,984,CENSUS_2011
22017,Kondagaon,CG,Chhattisgarh,1790019,60.2,19.7,9.5,76.1,982,CENSUS_2011
22018,Korba,CG,Chhattisgarh,2342299,75.4,11.6,11.8,67.8,976,CENSUS_2011
22019,Koriya,CG,Chhattisgarh,1736765,69.7,19.2,22.7,68.4,963,CENSUS_2011
22020,Mahasamund,CG,Chhattisgarh,1279878,65.0,15.7,11.9,81.4,891,CENSUS_2011
22021,Manendragarh Chirmiri Bharatpur,CG,Chhattisgarh,2028885,77.4,19.9,22.6,68.7,995,CENSUS_2011
22022,Mohla Manpur Ambagarh Chowki,CG,Chhattisgarh,1223649,78.4,21.2,4.2,71.1,910,CENSUS_2011
22023,Mungeli,CG,Chhattisgarh,1525684,78.9,15.8,4.2,78.2,1022,CENSUS_2011
22024,Narayanpur,CG,Chhattisgarh,909442,75.9,17.4,24.1,78.7,940,CENSUS_2011
22025,Raigarh,CG,Chhattisgarh,1875139,72.3,13.9,12.1,78.8,979,CENSUS_2011
22026,Raipur,CG,Chhattisgarh,1039737,67.6,19.1,20.2,70.3,991,CENSUS_2011
22027,Rajnandgaon,CG,Chhattisgarh,1250402,73.6,23.8,11.5,66.4,948,CENSUS_2011
22028,Sakti,CG,Chhattisgarh,1349406,80.0,11.9,3.4,73.2,968,CENSUS_2011
22029,Sarangarh Bilaigarh,CG,Chhattisgarh,1517308,78.2,9.3,17.9,68.8,1022,CENSUS_2011
22030,Sukma,CG,Chhattisgarh,2224854,60.2,8.3,6.9,66.5,997,CENSUS_2011
22031,Surajpur,CG,Chhattisgarh,1666440,76.2,19.3,6.6,66.6,989,CENSUS_2011
22032,Surguja,CG,Chhattisgarh,1696714,75.1,21.1,7.7,67.6,1017,CENSUS_2011
22033,Khairagarh Chhuikhadan Gandai,CG,Chhattisgarh,1318061,71.9,17.6,15.7,73.3,972,CENSUS_2011
30001,North Goa,GA,Goa,1743436,76.8,12.8,12.1,67.6,972,CENSUS_2011
30002,South Goa,GA,Goa,2379860,74.1,20.6,25.0,71.1,984,CENSUS_2011
24001,Ahmedabad,GJ,Gujarat,1595641,79.4,11.1,11.8,67.8,976,CENSUS_2011
24002,Amreli,GJ,Gujarat,734188,71.4,13.1,9.1,81.9,946,CENSUS_2011
24003,Anand,GJ,Gujarat,1723989,78.2,17.8,25.5,76.7,966,CENSUS_2011
24004,Aravalli,GJ,Gujarat,2112715,76.1,15.6,17.1,71.7,1019,CENSUS_2011
24005,Banaskantha,GJ,Gujarat,2135999,80.3,19.4,12.4,66.5,979,CENSUS_2011
24006,Bharuch,GJ,Gujarat,2386699,62.4,8.4,6.6,72.7,1027,CENSUS_2011
24007,Bhavnagar,GJ,Gujarat,926264,60.4,19.0,7.2,79.7,987,CENSUS_2011
24008,Botad,GJ,Gujarat,1240392,79.3,21.9,1.8,80.1,1032,CENSUS_2011
24009,Chhota Udaipur,GJ,Gujarat,1798499,80.0,23.5,21.8,72.3,1034,CENSUS_2011
24010,Dahod,GJ,Gujarat,1889175,73.5,11.9,1.7,75.1,910,CENSUS_2011
24011,Dang,GJ,Gujarat,1381355,79.1,15.3,22.0,80.1,987,CENSUS_2011
24012,Devbhumi Dwarka,GJ,Gujarat,1299606,70.1,18.4,2.5,72.2,1022,CENSUS_2011
24013,Gandhinagar,GJ,Gujarat,2181064,69.9,16.9,11.4,71.2,1020,CENSUS_2011
24014,Gir Somnath,GJ,Gujarat,1745728,72.0,23.0,7.4,65.1,1040,CENSUS_2011
24015,Jamnagar,GJ,Gujarat,2086059,75.2,21.4,5.8,75.1,1006,CENSUS_2011
24016,Junagadh,GJ,Gujarat,1968311,80.5,12.9,17.4,81.8,971,CENSUS_2011
24017,Kheda,GJ,Gujarat,1145304,60.2,12.8,22.3,68.4,968,CENSUS_2011
24018,Kutch,GJ,Gujarat,817487,78.4,20.3,9.5,70.1,1027,CENSUS_2011
24019,Mahisagar,GJ,Gujarat,1334658,64.8,9.9,22.2,70.1,941,CENSUS_2011
24020,Mehsana,GJ,Gujarat,1946311,79.2,23.1,3.8,70.7,969,CENSUS_2011
24021,Morbi,GJ,Gujarat,1410386,71.9,8.5,25.4,65.9,902,CENSUS_2011
24022,Narmada,GJ,Gujarat,2189430,76.9,24.1,4.9,73.0,956,CENSUS_2011
24023,Navsari,GJ,Gujarat,1567050,65.2,10.7,14.0,69.1,906,CENSUS_2011
24024,Panchmahal,GJ,Gujarat,1494633,67.2,9.0,6.9,76.0,925,CENSUS_2011
24025,Patan,GJ,Gujarat,967503,78.8,23.3,27.1,66.1,890,CENSUS_2011
24026,Porbandar,GJ,Gujarat,732941,63.2,19.2,27.3,80.0,924,CENSUS_2011
24027,Rajkot,GJ,Gujarat,2178245,68.1,24.3,3.2,74.9,1024,CENSUS_2011
24028,Sabarkantha,GJ,Gujarat,2373995,66.5,19.8,17.1,67.8,967,CENSUS_2011
24029,Surat,GJ,Gujarat,2394164,63.9,12.0,5.9,78.3,1025,CENSUS_2011
24030,Surendranagar,GJ,Gujarat,1816777,65.1,14.6,8.1,76.6,1025,CENSUS_2011
24031,Tapi,GJ,Gujarat,1108788,71.4,24.9,9.5,76.5,892,CENSUS_2011
24032,Vadodara,GJ,Gujarat,1087487,79.7,12.3,13.6,76.8,909,CENSUS_2011
24033,Valsad,GJ,Gujarat,1157989,73.5,15.5,8.0,66.8,898,CENSUS_2011
6001,Ambala,HR,Haryana,2335421,70.6,23.9,10.7,74.6,967,CENSUS_2011
6002,Bhiwani,HR,Haryana,2209402,81.9,14.6,22.4,69.1,968,CENSUS_2011
6003,Charkhi Dadri,HR,Haryana,1208942,75.4,10.9,2.3,67.2,968,CENSUS_2011
6004,Faridabad,HR,Haryana,832585,62.7,15.1,19.8,67.4,1031,CENSUS_2011
6005,Fatehabad,HR,Haryana,1066055,73.4,11.1,14.5,65.6,912,CENSUS_2011
6006,Gurugram,HR,Haryana,2052371,68.0,12.3,17.7,68.6,1006,CENSUS_2011
6007,Hisar,HR,Haryana,1614075,63.2,15.7,11.5,80.8,924,CENSUS_2011
6008,Jhajjar,HR,Haryana,1153913,73.0,12.7,20.7,79.2,953,CENSUS_2011
6009,Jind,HR,Haryana,1451631,66.5,9.5,14.0,76.0,968,CENSUS_2011
6010,Kaithal,HR,Haryana,2135846,61.8,20.5,2.5,80.0,983,CENSUS_2011
6011,Karnal,HR,Haryana,1281215,61.2,15.7,14.5,71.3,921,CENSUS_2011
6012,Kurukshetra,HR,Haryana,747584,66.4,17.2,4.6,81.5,978,CENSUS_2011
6013,Mahendragarh,HR,Haryana,1304286,76.9,14.0,13.3,65.8,932,CENSUS_2011
6014,Nuh,HR,Haryana,752271,68.9,10.5,13.4,73.5,971,CENSUS_2011
6015,Palwal,HR,Haryana,1449508,62.0,18.9,16.8,65.9,946,CENSUS_2011
6016,Panchkula,HR,Haryana,1152345,76.0,24.9,22.7,72.6,963,CENSUS_2011
6017,Panipat,HR,Haryana,1500628,66.4,22.0,9.2,73.3,1039,CENSUS_2011
6018,Rewari,HR,Haryana,2017003,75.1,21.9,11.1,81.6,1037,CENSUS_2011
6019,Rohtak,HR,Haryana,2377464,66.6,19.7,3.6,76.7,1038,CENSUS_2011
6020,Sirsa,HR,Haryana,736447,70.5,14.2,23.1,70.3,1023,CENSUS_2011
6021,Sonipat,HR,Haryana,1230605,61.0,8.2,3.6,70.1,921,CENSUS_2011
6022,Yamunanagar,HR,Haryana,2221167,62.2,16.6,20.1,68.6,983,CENSUS_2011
2001,Bilaspur,HP,Himachal Pradesh,1631042,65.0,24.7,12.6,71.9,907,CENSUS_2011
2002,Chamba,HP,Himachal Pradesh,1590669,76.0,20.1,16.7,69.7,959,CENSUS_2011
2003,Hamirpur,HP,Himachal Pradesh,2007013,62.1,20.8,21.7,66.3,1009,CENSUS_2011
2004,Kangra,HP,Himachal Pradesh,1722267,76.8,16.3,16.0,74.7,1028,CENSUS_2011
2005,Kinnaur,HP,Himachal Pradesh,2086720,65.4,13.3,3.3,69.0,906,CENSUS_2011
2006,Kullu,HP,Himachal Pradesh,1328140,68.0,16.4,23.9,72.4,909,CENSUS_2011
2007,Lahaul and Spiti,HP,Himachal Pradesh,1543686,65.5,19.4,15.8,73.8,894,CENSUS_2011
2008,Mandi,HP,Himachal Pradesh,835114,73.9,12.5,8.8,79.4,931,CENSUS_2011
2009,Shimla,HP,Himachal Pradesh,876013,66.9,9.1,26.8,70.1,983,CENSUS_2011
2010,Sirmaur,HP,Himachal Pradesh,1157196,63.2,24.5,12.9,68.0,955,CENSUS_2011
2011,Solan,HP,Himachal Pradesh,1506753,66.8,14.2,22.9,81.3,921,CENSUS_2011
2012,Una,HP,Himachal Pradesh,1397769,75.8,21.9,23.3,79.9,956,CENSUS_2011
20001,Bokaro,JH,Jharkhand,2362291,80.7,22.8,4.6,72.7,934,CENSUS_2011
20002,Chatra,JH,Jharkhand,1471584,63.7,8.2,15.2,74.6,1006,CENSUS_2011
20003,Deoghar,JH,Jharkhand,2057351,70.1,10.3,9.7,65.2,991,CENSUS_2011
20004,Dhanbad,JH,Jharkhand,1917369,63.9,16.4,10.2,67.9,1009,CENSUS_2011
20005,Dumka,JH,Jharkhand,2078708,74.0,11.2,2.5,72.5,936,CENSUS_2011
20006,East Singhbhum,JH,Jharkhand,708652,71.6,15.1,3.1,74.7,1017,CENSUS_2011
20007,Garhwa,JH,Jharkhand,2371500,72.5,8.8,18.4,68.6,972,CENSUS_2011
20008,Giridih,JH,Jharkhand,901560,78.3,16.3,24.9,73.7,1011,CENSUS_2011
20009,Godda,JH,Jharkhand,1330002,78.5,13.0,2.3,73.9,909,CENSUS_2011
20010,Gumla,JH,Jharkhand,1415830,81.3,11.2,6.0,79.8,956,CENSUS_2011
20011,Hazaribagh,JH,Jharkhand,1094728,78.9,19.0,18.5,68.6,1001,CENSUS_2011
20012,Jamtara,JH,Jharkhand,1739564,76.2,17.4,8.9,75.1,1014,CENSUS_2011
20013,Khunti,JH,Jharkhand,1764589,64.8,13.8,17.3,80.5,1009,CENSUS_2011
20014,Koderma,JH,Jharkhand,738022,67.9,19.5,5.7,69.4,1018,CENSUS_2011
20015,Latehar,JH,Jharkhand,1980463,73.4,9.7,16.2,79.6,1019,CENSUS_2011
20016,Lohardaga,JH,Jharkhand,2283025,69.1,12.2,21.3,75.7,1025,CENSUS_2011
20017,Pakur,JH,Jharkhand,821235,81.5,21.6,24.6,81.7,965,CENSUS_2011
20018,Palamu,JH,Jharkhand,1827079,67.4,20.6,4.4,77.3,1028,CENSUS_2011
20019,Ramgarh,JH,Jharkhand,1650318,67.5,20.7,16.7,69.0,1026,CENSUS_2011
20020,Ranchi,JH,Jharkhand,1544635,72.9,14.7,8.1,73.8,1017,CENSUS_2011
20021,Sahebganj,JH,Jharkhand,1307315,60.9,14.3,27.8,67.6,967,CENSUS_2011
20022,Seraikela Kharsawan,JH,Jharkhand,2034753,70.1,15.6,24.4,72.6,973,CENSUS_2011
20023,Simdega,JH,Jharkhand,1794197,64.2,23.2,4.2,73.1,1026,CENSUS_2011
20024,West Singhbhum,JH,Jharkhand,887964,63.4,19.5,2.6,81.2,973,CENSUS_2011
29001,Bagalkote,KA,Karnataka,739054,65.9,19.5,7.7,81.4,1032,CENSUS_2011
29002,Ballari,KA,Karnataka,1226152,78.5,14.0,18.1,71.5,1039,CENSUS_2011
29003,Belagavi,KA,Karnataka,1957271,67.2,10.3,25.9,80.5,1011,CENSUS_2011
29004,Bengaluru Rural,KA,Karnataka,1476954,80.6,11.8,1.5,72.6,961,CENSUS_2011
29005,Bengaluru Urban,KA,Karnataka,9058100,2.8257011687580063,10.2,2.8,85.5,956,CENSUS_2011
29006,Bidar,KA,Karnataka,1784766,76.7,11.8,8.5,80.0,997,CENSUS_2011
29007,Chamarajanagara,KA,Karnataka,1414713,78.3,16.8,7.4,79.0,908,CENSUS_2011
29008,Chikkaballapura,KA,Karnataka,1188871,79.0,18.6,13.2,78.4,1008,CENSUS_2011
29009,Chikkamagaluru,KA,Karnataka,1353612,72.9,19.1,10.7,73.7,1039,CENSUS_2011
29010,Chitradurga,KA,Karnataka,1394462,78.7,13.7,9.1,74.6,974,CENSUS_2011
29011,Dakshina Kannada,KA,Karnataka,1928273,80.1,24.6,6.4,71.1,962,CENSUS_2011
29012,Davanagere,KA,Karnataka,2190953,61.4,23.7,22.5,67.5,939,CENSUS_2011
29013,Dharwad,KA,Karnataka,1513937,76.5,16.7,14.5,76.0,1008,CENSUS_2011
29014,Gadag,KA,Karnataka,1788045,67.7,15.9,17.8,74.9,999,CENSUS_2011
29015,Hassan,KA,Karnataka,2311625,75.0,20.0,27.9,69.7,1029,CENSUS_2011
29016,Haveri,KA,Karnataka,1356565,78.6,24.0,12.3,72.3,1002,CENSUS_2011
29017,Kalaburagi,KA,Karnataka,1964588,80.1,14.6,11.3,74.8,990,CENSUS_2011
29018,Kodagu,KA,Karnataka,1561638,68.6,10.2,12.3,81.8,907,CENSUS_2011
29019,Kolar,KA,Karnataka,781966,76.2,23.0,13.3,69.9,966,CENSUS_2011
29020,Koppal,KA,Karnataka,2297737,72.2,9.3,3.8,81.9,973,CENSUS_2011
29021,Mandya,KA,Karnataka,1285402,78.5,8.3,3.7,67.9,965,CENSUS_2011
29022,Mysuru,KA,Karnataka,1123075,80.4,12.1,3.5,71.4,997,CENSUS_2011
29023,Raichur,KA,Karnataka,2071522,67.0,15.8,2.8,71.6,961,CENSUS_2011
29024,Ramanagara,KA,Karnataka,2097480,70.6,18.3,16.8,70.7,987,CENSUS_2011
29025,Shivamogga,KA,Karnataka,1365926,74.2,16.9,27.4,77.9,963,CENSUS_2011
29026,Tumakuru,KA,Karnataka,1851015,78.3,12.0,3.1,80.8,1009,CENSUS_2011
29027,Udupi,KA,Karnataka,2291441,79.9,17.1,15.9,70.1,934,CENSUS_2011
29028,Uttara Kannada,KA,Karnataka,961048,68.5,11.3,12.8,74.6,955,CENSUS_2011
29029,Vijayapura,KA,Karnataka,1038537,60.3,19.0,25.8,78.1,991,CENSUS_2011
29030,Yadgir,KA,Karnataka,2165928,66.8,21.9,1.0,81.8,907,CENSUS_2011
29031,Vijayanagara,KA,Karnataka,867373,66.4,12.7,10.2,71.4,1039,CENSUS_2011
32001,Alappuzha,KL,Kerala,1457513,74.6,9.0,10.6,71.4,974,CENSUS_2011
32002,Ernakulam,KL,Kerala,2393571,76.2,12.0,14.1,76.5,910,CENSUS_2011
32003,Idukki,KL,Kerala,1711180,74.6,11.6,21.3,69.1,912,CENSUS_2011
32004,Kannur,KL,Kerala,2258116,76.2,18.9,16.2,71.5,1001,CENSUS_2011
32005,Kasaragod,KL,Kerala,1961683,73.0,8.2,24.0,66.8,970,CENSUS_2011
32006,Kollam,KL,Kerala,2203167,64.6,21.8,19.9,77.5,903,CENSUS_2011
32007,Kottayam,KL,Kerala,2388357,61.2,13.2,18.7,80.9,1037,CENSUS_2011
32008,Kozhikode,KL,Kerala,1944434,69.5,20.3,7.6,67.5,920,CENSUS_2011
32009,Malappuram,KL,Kerala,1274042,75.3,18.1,11.4,66.6,1001,CENSUS_2011
32010,Palakkad,KL,Kerala,711165,72.2,10.1,4.5,78.6,942,CENSUS_2011
32011,Pathanamthitta,KL,Kerala,1770785,64.6,21.9,7.4,66.7,938,CENSUS_2011
32012,Thiruvananthapuram,KL,Kerala,2198299,68.2,21.9,17.3,76.2,997,CENSUS_2011
32013,Thrissur,KL,Kerala,1804099,76.0,22.0,14.2,70.2,1025,CENSUS_2011
32014,Wayanad,KL,Kerala,2221314,74.1,21.2,19.3,71.3,997,CENSUS_2011
23001,Agar Malwa,MP,Madhya Pradesh,1733582,77.8,24.1,19.3,65.2,924,CENSUS_2011
23002,Alirajpur,MP,Madhya Pradesh,1797893,79.9,14.2,4.6,68.0,980,CENSUS_2011
23003,Anuppur,MP,Madhya Pradesh,1723968,61.3,15.8,9.1,65.1,917,CENSUS_2011
23004,Ashoknagar,MP,Madhya Pradesh,1441841,76.4,23.0,20.1,65.1,918,CENSUS_2011
23005,Balaghat,MP,Madhya Pradesh,744359,62.8,8.2,19.5,70.9,903,CENSUS_2011
23006,Barwani,MP,Madhya Pradesh,1939828,73.8,10.0,11.8,67.5,960,CENSUS_2011
23007,Betul,MP,Madhya Pradesh,2261863,67.1,12.8,17.4,69.9,1000,CENSUS_2011
23008,Bhind,MP,Madhya Pradesh,2072282,78.0,15.6,3.7,68.3,1029,CENSUS_2011
23009,Bhopal,MP,Madhya Pradesh,1274931,75.3,8.8,16.3,67.2,938,CENSUS_2011
23010,Burhanpur,MP,Madhya Pradesh,1857944,62.6,17.1,8.9,68.8,927,CENSUS_2011
23011,Chhatarpur,MP,Madhya Pradesh,2231920,81.2,24.5,15.5,68.0,1039,CENSUS_2011
23012,Chhindwara,MP,Madhya Pradesh,1728691,80.8,12.8,9.4,68.1,935,CENSUS_2011
23013,Damoh,MP,Madhya Pradesh,2361784,81.3,9.8,20.9,81.3,976,CENSUS_2011
23014,Datia,MP,Madhya Pradesh,1301560,65.0,14.5,24.9,79.9,918,CENSUS_2011
23015,Dewas,MP,Madhya Pradesh,1474085,80.5,20.1,3.1,78.8,890,CENSUS_2011
23016,Dhar,MP,Madhya Pradesh,2071441,80.3,17.3,15.5,71.5,1016,CENSUS_2011
23017,Dindori,MP,Madhya Pradesh,1856580,81.4,12.1,23.4,80.5,904,CENSUS_2011
23018,Guna,MP,Madhya Pradesh,1328113,70.3,15.5,18.4,77.3,893,CENSUS_2011
23019,Gwalior,MP,Madhya Pradesh,1159080,68.6,24.6,17.3,79.0,909,CENSUS_2011
23020,Harda,MP,Madhya Pradesh,1264486,61.9,8.8,27.6,74.7,1013,CENSUS_2011
23021,Hoshangabad,MP,Madhya Pradesh,1017797,75.0,18.6,26.7,66.3,949,CENSUS_2011
23022,Indore,MP,Madhya Pradesh,2016570,81.9,8.3,21.7,66.7,969,CENSUS_2011
23023,Jabalpur,MP,Madhya Pradesh,1540830,69.0,19.6,12.9,75.5,1021,CENSUS_2011
23024,Jhabua,MP,Madhya Pradesh,2047387,71.8,9.9,5.9,78.9,917,CENSUS_2011
23025,Katni,MP,Madhya Pradesh,813408,64.7,20.9,12.4,65.4,954,CENSUS_2011
23026,Khandwa,MP,Madhya Pradesh,2153119,72.5,17.5,25.1,79.0,940,CENSUS_2011
23027,Khargone,MP,Madhya Pradesh,904359,60.8,11.2,19.8,77.7,932,CENSUS_2011
23028,Mandla,MP,Madhya Pradesh,1859208,73.1,14.5,23.8,74.2,1001,CENSUS_2011
23029,Mandsaur,MP,Madhya Pradesh,1684768,80.9,21.5,13.5,71.0,991,CENSUS_2011
23030,Morena,MP,Madhya Pradesh,1104038,73.6,8.9,26.2,71.7,999,CENSUS_2011
23031,Narsinghpur,MP,Madhya Pradesh,2183894,72.0,17.7,1.7,81.5,923,CENSUS_2011
23032,Neemuch,MP,Madhya Pradesh,1078803,62.0,14.1,23.6,73.4,990,CENSUS_2011
23033,Niwari,MP,Madhya Pradesh,1233727,80.4,8.5,1.6,68.3,1021,CENSUS_2011
23034,Panna,MP,Madhya Pradesh,1523815,62.3,18.0,5.5,78.5,942,CENSUS_2011
23035,Raisen,MP,Madhya Pradesh,1077286,77.8,11.2,7.6,72.3,945,CENSUS_2011
23036,Rajgarh,MP,Madhya Pradesh,1366439,77.9,8.8,14.3,68.4,901,CENSUS_2011
23037,Ratlam,MP,Madhya Pradesh,1276032,67.0,9.4,21.9,70.9,1016,CENSUS_2011
23038,Rewa,MP,Madhya Pradesh,810081,65.7,9.9,26.6,78.3,909,CENSUS_2011
23039,Sagar,MP,Madhya Pradesh,2306842,66.5,17.5,24.6,66.4,942,CENSUS_2011
23040,Satna,MP,Madhya Pradesh,1125765,77.2,12.7,5.4,68.2,968,CENSUS_2011
23041,Sehore,MP,Madhya Pradesh,1586232,64.3,11.0,8.4,68.2,1016,CENSUS_2011
23042,Seoni,MP,Madhya Pradesh,1303934,76.1,16.6,19.9,66.6,1012,CENSUS_2011
23043,Shahdol,MP,Madhya Pradesh,736471,72.5,22.2,15.2,81.8,932,CENSUS_2011
23044,Shajapur,MP,Madhya Pradesh,1560501,78.8,10.4,14.4,76.2,952,CENSUS_2011
23045,Sheopur,MP,Madhya Pradesh,2171856,67.6,15.4,13.3,75.4,978,CENSUS_2011
23046,Shivpuri,MP,Madhya Pradesh,1294050,77.3,24.3,16.1,73.5,912,CENSUS_2011
23047,Sidhi,MP,Madhya Pradesh,1573070,72.2,9.5,16.3,70.1,1008,CENSUS_2011
23048,Singrauli,MP,Madhya Pradesh,1839318,79.8,8.9,23.8,79.9,922,CENSUS_2011
23049,Tikamgarh,MP,Madhya Pradesh,1168804,79.7,10.6,18.0,75.9,891,CENSUS_2011
23050,Ujjain,MP,Madhya Pradesh,1006700,74.0,21.9,18.8,68.1,933,CENSUS_2011
23051,Umaria,MP,Madhya Pradesh,1443916,81.2,20.3,8.5,73.0,930,CENSUS_2011
23052,Vidisha,MP,Madhya Pradesh,1763214,77.1,10.2,9.8,73.9,1038,CENSUS_2011
23053,Mauganj,MP,Madhya Pradesh,2272727,61.6,18.3,23.7,78.0,934,CENSUS_2011
23054,Maihar,MP,Madhya Pradesh,850921,67.5,24.3,20.7,76.6,1025,CENSUS_2011
23055,Pandhurna,MP,Madhya Pradesh,2174871,67.9,10.7,8.8,79.8,1026,CENSUS_2011
27001,Ahmednagar,MH,Maharashtra,1505814,83.5,18.4,23.5,71.3,899,CENSUS_2011
27002,Akola,MH,Maharashtra,1275895,77.7,21.0,19.8,61.0,1000,CENSUS_2011
27003,Amravati,MH,Maharashtra,2385293,66.0,19.1,7.6,67.0,964,CENSUS_2011
27004,Chhatrapati Sambhajinagar,MH,Maharashtra,3239302,71.4,10.3,27.4,64.1,949,CENSUS_2011
27005,Beed,MH,Maharashtra,2791012,69.2,8.9,9.2,68.6,1028,CENSUS_2011
27006,Bhandara,MH,Maharashtra,3442951,75.7,17.7,15.0,71.5,931,CENSUS_2011
27007,Buldhana,MH,Maharashtra,3061468,75.6,15.9,27.1,68.8,1012,CENSUS_2011
27008,Chandrapur,MH,Maharashtra,3521160,81.5,20.1,8.0,61.2,955,CENSUS_2011
27009,Dhule,MH,Maharashtra,2433389,79.3,8.8,26.1,63.2,896,CENSUS_2011
27010,Gadchiroli,MH,Maharashtra,3413570,83.4,19.2,15.0,72.1,971,CENSUS_2011
27011,Gondia,MH,Maharashtra,1725467,86.3,23.5,19.2,64.9,925,CENSUS_2011
27012,Hingoli,MH,Maharashtra,3359634,84.9,23.4,10.6,78.4,992,CENSUS_2011
27013,Jalgaon,MH,Maharashtra,1838609,85.6,14.3,18.5,71.9,987,CENSUS_2011
27014,Jalna,MH,Maharashtra,2518552,67.3,10.0,8.4,65.7,1002,CENSUS_2011
27015,Kolhapur,MH,Maharashtra,3595640,74.8,10.1,13.3,68.9,918,CENSUS_2011
27016,Latur,MH,Maharashtra,1621270,86.4,13.4,23.7,75.9,899,CENSUS_2011
27017,Mumbai City,MH,Maharashtra,1362792,74.6,14.5,16.8,65.3,979,CENSUS_2011
27018,Mumbai Suburban,MH,Maharashtra,7339415,3.524094005229244,16.2,22.7,90.8,1015,CENSUS_2011
27019,Nagpur,MH,Maharashtra,1662697,86.8,13.6,17.3,72.3,895,CENSUS_2011
27020,Nanded,MH,Maharashtra,3408533,67.4,16.2,5.2,68.0,967,CENSUS_2011
27021,Nandurbar,MH,Maharashtra,2509418,83.0,20.6,9.2,68.5,1007,CENSUS_2011
27022,Nashik,MH,Maharashtra,3562036,67.5,10.4,18.0,66.2,911,CENSUS_2011
27023,Dharashiv,MH,Maharashtra,3488365,76.5,12.0,13.5,79.2,1013,CENSUS_2011
27024,Palghar,MH,Maharashtra,2444664,67.7,20.2,24.8,79.9,959,CENSUS_2011
27025,Parbhani,MH,Maharashtra,1223498,72.2,19.8,15.5,63.8,974,CENSUS_2011
27026,Pune,MH,Maharashtra,3564160,67.4,18.0,21.7,75.9,974,CENSUS_2011
27027,Raigad,MH,Maharashtra,1691977,70.5,21.2,20.1,67.9,980,CENSUS_2011
27028,Ratnagiri,MH,Maharashtra,3547946,85.2,11.2,11.1,78.4,892,CENSUS_2011
27029,Sangli,MH,Maharashtra,1928848,75.9,20.8,22.8,77.5,899,CENSUS_2011
27030,Satara,MH,Maharashtra,2736191,76.9,14.9,23.6,78.8,905,CENSUS_2011
27031,Sindhudurg,MH,Maharashtra,1978709,72.3,8.3,5.6,72.5,892,CENSUS_2011
27032,Solapur,MH,Maharashtra,3254729,73.2,21.1,15.1,67.3,933,CENSUS_2011
27033,Thane,MH,Maharashtra,3661304,72.4,19.2,25.3,71.3,972,CENSUS_2011
27034,Wardha,MH,Maharashtra,2459018,65.9,12.0,26.2,78.6,1019,CENSUS_2011
27035,Washim,MH,Maharashtra,1818622,69.6,13.2,6.0,63.4,942,CENSUS_2011
27036,Yavatmal,MH,Maharashtra,2980869,78.7,13.9,19.1,70.7,1040,CENSUS_2011
14001,Bishnupur,MN,Manipur,1076476,63.6,22.2,13.6,76.6,911,CENSUS_2011
14002,Chandel,MN,Manipur,1465170,62.5,15.2,21.5,68.0,910,CENSUS_2011
14003,Churachandpur,MN,Manipur,1380803,66.5,9.9,20.8,65.6,1026,CENSUS_2011
14004,Imphal East,MN,Manipur,2221272,61.7,20.7,12.4,80.8,895,CENSUS_2011
14005,Imphal West,MN,Manipur,1536072,80.0,12.6,12.0,76.5,894,CENSUS_2011
14006,Jiribam,MN,Manipur,2257284,71.0,10.9,11.5,74.0,993,CENSUS_2011
14007,Kakching,MN,Manipur,1827413,62.9,22.4,3.6,75.3,945,CENSUS_2011
14008,Kamjong,MN,Manipur,1300379,78.2,23.7,5.8,72.6,963,CENSUS_2011
14009,Kangpokpi,MN,Manipur,747646,76.3,19.1,15.9,80.0,939,CENSUS_2011
14010,Noney,MN,Manipur,1669329,75.9,20.7,19.4,66.2,994,CENSUS_2011
14011,Pherzawl,MN,Manipur,960166,62.3,20.9,16.7,79.4,918,CENSUS_2011
14012,Senapati,MN,Manipur,1477731,72.4,13.2,20.3,77.1,1035,CENSUS_2011
14013,Tamenglong,MN,Manipur,1750872,66.9,22.7,14.1,71.4,933,CENSUS_2011
14014,Tengnoupal,MN,Manipur,768871,68.8,13.6,2.8,66.7,1031,CENSUS_2011
14015,Thoubal,MN,Manipur,1334935,61.3,18.0,16.7,68.9,1008,CENSUS_2011
14016,Ukhrul,MN,Manipur,1553895,73.2,11.0,14.7,73.4,1021,CENSUS_2011
17001,East Garo Hills,ML,Meghalaya,136499,87.1,11.6,77.1,83.3,971,CENSUS_2011
17002,East Jaintia Hills,ML,Meghalaya,195553,77.3,20.7,75.3,75.1,998,CENSUS_2011
17003,East Khasi Hills,ML,Meghalaya,178635,72.4,13.5,76.3,72.9,1010,CENSUS_2011
17004,Eastern West Khasi Hills,ML,Meghalaya,335987,74.4,12.2,79.5,69.8,956,CENSUS_2011
17005,North Garo Hills,ML,Meghalaya,259044,78.7,8.8,78.0,77.7,1021,CENSUS_2011
17006,Ri Bhoi,ML,Meghalaya,180156,80.2,24.9,65.2,85.8,974,CENSUS_2011
17007,South Garo Hills,ML,Meghalaya,337438,73.4,11.5,66.2,83.5,896,CENSUS_2011
17008,South West Garo Hills,ML,Meghalaya,144358,78.4,14.8,67.0,76.9,987,CENSUS_2011
17009,South West Khasi Hills,ML,Meghalaya,87463,77.8,22.2,74.8,86.9,966,CENSUS_2011
17010,West Garo Hills,ML,Meghalaya,254802,73.8,24.4,85.2,86.7,936,CENSUS_2011
17011,West Jaintia Hills,ML,Meghalaya,255139,91.7,16.1,93.4,70.2,1027,CENSUS_2011
17012,West Khasi Hills,ML,Meghalaya,90169,75.5,20.4,70.2,73.0,1008,CENSUS_2011
15001,Aizawl,MZ,Mizoram,215303,74.1,2.4,73.8,85.4,944,CENSUS_2011
15002,Champhai,MZ,Mizoram,93267,72.6,0.4,71.8,82.3,1005,CENSUS_2011
15003,Hnahthial,MZ,Mizoram,231331,73.5,1.6,89.2,81.6,947,CENSUS_2011
15004,Khawzawl,MZ,Mizoram,66049,86.6,1.3,65.4,70.8,952,CENSUS_2011
15005,Kolasib,MZ,Mizoram,264780,76.6,1.9,75.4,70.5,908,CENSUS_2011
15006,Lawngtlai,MZ,Mizoram,261742,79.3,2.2,69.5,80.8,960,CENSUS_2011
15007,Lunglei,MZ,Mizoram,86682,82.7,1.9,72.3,70.3,997,CENSUS_2011
15008,Mamit,MZ,Mizoram,215381,77.8,0.8,86.6,87.3,973,CENSUS_2011
15009,Saiha,MZ,Mizoram,295672,84.1,0.6,89.1,83.1,1014,CENSUS_2011
15010,Saitual,MZ,Mizoram,243014,72.9,2.1,85.0,75.7,965,CENSUS_2011
15011,Serchhip,MZ,Mizoram,135788,79.1,1.5,81.3,85.0,989,CENSUS_2011
13001,Chumoukedima,NL,Nagaland,154445,85.8,1.6,78.8,82.4,947,CENSUS_2011
13002,Dimapur,NL,Nagaland,104917,91.7,1.2,78.3,72.3,967,CENSUS_2011
13003,Kiphire,NL,Nagaland,294509,86.0,0.3,73.7,74.6,989,CENSUS_2011
13004,Kohima,NL,Nagaland,35906,91.2,0.1,73.1,78.6,897,CENSUS_2011
13005,Longleng,NL,Nagaland,98062,87.8,0.8,71.9,74.2,936,CENSUS_2011
13006,Mokokchung,NL,Nagaland,344924,72.2,1.7,70.9,78.4,1024,CENSUS_2011
13007,Mon,NL,Nagaland,133607,90.8,1.5,90.6,74.1,1028,CENSUS_2011
13008,Niuland,NL,Nagaland,334444,84.1,2.3,67.0,68.3,919,CENSUS_2011
13009,Noklak,NL,Nagaland,40362,79.1,0.8,90.6,76.3,1014,CENSUS_2011
13010,Peren,NL,Nagaland,242044,88.1,2.4,78.9,85.7,1017,CENSUS_2011
13011,Phek,NL,Nagaland,166492,90.3,0.6,81.9,75.0,990,CENSUS_2011
13012,Shamator,NL,Nagaland,89417,85.1,0.1,62.0,68.1,989,CENSUS_2011
13013,Tseminyu,NL,Nagaland,110711,76.3,2.4,73.2,82.6,955,CENSUS_2011
13014,Tuensang,NL,Nagaland,148749,85.7,2.4,84.8,79.4,983,CENSUS_2011
13015,Wokha,NL,Nagaland,125356,76.0,1.5,65.3,82.9,992,CENSUS_2011
13016,Zunheboto,NL,Nagaland,146679,76.8,1.6,70.7,69.3,1004,CENSUS_2011
21001,Angul,OD,Odisha,1495596,70.5,18.0,27.7,78.0,982,CENSUS_2011
21002,Balangir,OD,Odisha,1964189,81.6,18.6,16.9,73.4,933,CENSUS_2011
21003,Balasore,OD,Odisha,1334829,68.4,14.5,2.0,80.4,959,CENSUS_2011
21004,Bargarh,OD,Odisha,1483052,61.4,12.0,3.4,74.7,909,CENSUS_2011
21005,Bhadrak,OD,Odisha,866538,68.5,11.3,23.1,75.6,1016,CENSUS_2011
21006,Boudh,OD,Odisha,1762531,74.1,12.3,10.3,68.7,951,CENSUS_2011
21007,Cuttack,OD,Odisha,1250370,76.0,14.1,22.9,70.4,984,CENSUS_2011
21008,Deogarh,OD,Odisha,2025804,63.3,15.4,23.1,71.2,934,CENSUS_2011
21009,Dhenkanal,OD,Odisha,1974686,66.4,24.0,22.7,69.0,996,CENSUS_2011
21010,Gajapati,OD,Odisha,1698637,77.3,17.8,9.9,74.4,939,CENSUS_2011
21011,Ganjam,OD,Odisha,1105131,77.4,10.4,23.9,69.7,905,CENSUS_2011
21012,Jagatsinghpur,OD,Odisha,2169361,78.0,12.4,4.9,65.2,896,CENSUS_2011
21013,Jajpur,OD,Odisha,2211000,68.3,15.4,9.7,65.4,935,CENSUS_2011
21014,Jharsuguda,OD,Odisha,1800332,69.2,19.8,15.8,78.4,912,CENSUS_2011
21015,Kalahandi,OD,Odisha,2104341,75.7,9.2,6.4,72.1,899,CENSUS_2011
21016,Kandhamal,OD,Odisha,760434,69.8,19.4,21.8,81.5,942,CENSUS_2011
21017,Kendrapara,OD,Odisha,1747721,80.8,13.6,27.6,71.6,932,CENSUS_2011
21018,Kendujhar,OD,Odisha,1287157,69.2,21.1,25.3,65.4,967,CENSUS_2011
21019,Khordha,OD,Odisha,1533699,74.9,16.5,23.4,65.5,995,CENSUS_2011
21020,Koraput,OD,Odisha,2257189,61.0,18.2,13.3,71.2,1010,CENSUS_2011
21021,Malkangiri,OD,Odisha,1645330,76.6,10.8,2.2,79.7,1019,CENSUS_2011
21022,Mayurbhanj,OD,Odisha,2351977,67.4,20.4,22.5,67.0,1030,CENSUS_2011
21023,Nabarangpur,OD,Odisha,1836586,74.0,11.2,1.4,81.2,965,CENSUS_2011
21024,Nayagarh,OD,Odisha,2373174,68.4,9.7,19.6,74.2,979,CENSUS_2011
21025,Nuapada,OD,Odisha,2134082,62.8,21.3,26.3,79.7,1003,CENSUS_2011
21026,Puri,OD,Odisha,2071267,79.9,8.7,5.9,78.1,977,CENSUS_2011
21027,Rayagada,OD,Odisha,840380,61.4,24.1,10.7,69.5,992,CENSUS_2011
21028,Sambalpur,OD,Odisha,725512,62.5,18.0,1.2,76.3,925,CENSUS_2011
21029,Subarnapur,OD,Odisha,1172576,78.2,20.8,2.2,71.9,972,CENSUS_2011
21030,Sundargarh,OD,Odisha,1005269,77.0,12.7,8.6,65.7,977,CENSUS_2011
3001,Amritsar,PB,Punjab,1305965,73.1,23.8,9.8,68.9,951,CENSUS_2011
3002,Barnala,PB,Punjab,2039231,65.4,18.8,10.1,75.2,1017,CENSUS_2011
3003,Bathinda,PB,Punjab,2017247,81.6,16.1,11.4,75.1,920,CENSUS_2011
3004,Faridkot,PB,Punjab,1858919,67.8,8.4,16.8,69.0,946,CENSUS_2011
3005,Fatehgarh Sahib,PB,Punjab,1635676,64.7,9.4,20.2,66.7,1003,CENSUS_2011
3006,Fazilka,PB,Punjab,1440851,68.9,12.9,7.2,69.2,1010,CENSUS_2011
3007,Ferozepur,PB,Punjab,1110438,78.6,14.2,21.5,81.6,913,CENSUS_2011
3008,Gurdaspur,PB,Punjab,1686182,80.7,12.0,22.8,80.2,940,CENSUS_2011
3009,Hoshiarpur,PB,Punjab,1207354,79.0,17.8,8.5,79.2,952,CENSUS_2011
3010,Jalandhar,PB,Punjab,1554963,63.7,10.1,2.0,79.6,908,CENSUS_2011
3011,Kapurthala,PB,Punjab,1678004,75.7,11.5,4.5,71.3,903,CENSUS_2011
3012,Ludhiana,PB,Punjab,1877739,65.9,11.7,15.1,65.4,896,CENSUS_2011
3013,Malerkotla,PB,Punjab,1001888,63.1,9.6,11.4,80.6,990,CENSUS_2011
3014,Mansa,PB,Punjab,1418771,73.6,22.5,26.8,81.7,956,CENSUS_2011
3015,Moga,PB,Punjab,1240315,62.3,11.8,22.2,67.5,953,CENSUS_2011
3016,Muktsar,PB,Punjab,1731506,80.4,11.6,12.6,71.7,950,CENSUS_2011
3017,Pathankot,PB,Punjab,2167973,67.9,8.7,25.1,74.7,974,CENSUS_2011
3018,Patiala,PB,Punjab,1294955,60.7,19.3,19.8,79.5,1005,CENSUS_2011
3019,Rupnagar,PB,Punjab,2207098,70.6,23.8,19.0,72.0,1031,CENSUS_2011
3020,Sahibzada Ajit Singh Nagar,PB,Punjab,2276039,72.5,8.1,22.1,76.9,954,CENSUS_2011
3021,Sangrur,PB,Punjab,2244647,76.4,14.6,15.3,69.6,940,CENSUS_2011
3022,Shahid Bhagat Singh Nagar,PB,Punjab,2067457,78.7,19.4,16.6,78.9,991,CENSUS_2011
3023,Tarn Taran,PB,Punjab,1303051,77.2,23.7,11.5,79.5,974,CENSUS_2011
8001,Ajmer,RJ,Rajasthan,1026251,79.2,8.1,7.5,79.5,959,CENSUS_2011
8002,Alwar,RJ,Rajasthan,1417438,63.5,17.1,13.9,78.9,979,CENSUS_2011
8003,Anupgarh,RJ,Rajasthan,1094433,60.1,24.8,26.2,71.0,976,CENSUS_2011
8004,Balotra,RJ,Rajasthan,1329575,74.6,19.8,23.0,82.0,929,CENSUS_2011
8005,Banswara,RJ,Rajasthan,865337,65.1,22.3,15.9,69.7,1028,CENSUS_2011
8006,Baran,RJ,Rajasthan,1551419,71.9,18.0,16.2,69.5,953,CENSUS_2011
8007,Barmer,RJ,Rajasthan,2098553,68.5,13.0,4.7,79.0,995,CENSUS_2011
8008,Beawar,RJ,Rajasthan,978841,81.2,9.9,1.1,69.7,943,CENSUS_2011
8009,Bharatpur,RJ,Rajasthan,1617400,61.1,15.9,2.7,65.1,905,CENSUS_2011
8010,Bhilwara,RJ,Rajasthan,2053125,70.7,24.1,14.8,68.7,927,CENSUS_2011
8011,Bikaner,RJ,Rajasthan,1012677,81.1,19.7,16.0,70.6,1035,CENSUS_2011
8012,Bundi,RJ,Rajasthan,1879512,60.4,17.6,4.7,66.3,995,CENSUS_2011
8013,Chittorgarh,RJ,Rajasthan,1224952,77.4,18.7,21.5,74.1,901,CENSUS_2011
8014,Churu,RJ,Rajasthan,2099426,66.1,10.7,20.9,67.9,935,CENSUS_2011
8015,Dausa,RJ,Rajasthan,927592,61.9,9.2,12.2,67.7,1001,CENSUS_2011
8016,Deeg,RJ,Rajasthan,2238081,77.6,11.3,9.0,79.2,1027,CENSUS_2011
8017,Dholpur,RJ,Rajasthan,1830370,72.2,17.1,8.0,70.8,975,CENSUS_2011
8018,Didwana Kuchaman,RJ,Rajasthan,750766,79.0,9.4,5.5,77.3,1039,CENSUS_2011
8019,Dudu,RJ,Rajasthan,1699876,66.3,21.1,5.1,73.9,963,CENSUS_2011
8020,Dungarpur,RJ,Rajasthan,802756,68.1,21.3,11.1,79.0,900,CENSUS_2011
8021,Ganganagar,RJ,Rajasthan,1810000,76.2,20.5,27.0,69.4,935,CENSUS_2011
8022,Gangapurcity,RJ,Rajasthan,973700,68.1,17.0,6.8,77.3,969,CENSUS_2011
8023,Hanumangarh,RJ,Rajasthan,1345355,69.0,12.9,16.5,69.8,1025,CENSUS_2011
8024,Jaipur,RJ,Rajasthan,1444622,64.3,18.0,24.9,73.9,921,CENSUS_2011
8025,Jaipur Rural,RJ,Rajasthan,2272952,73.5,20.9,9.8,73.6,989,CENSUS_2011
8026,Jaisalmer,RJ,Rajasthan,1950053,62.6,15.1,1.1,77.3,944,CENSUS_2011
8027,Jalore,RJ,Rajasthan,1010131,61.6,13.7,12.3,72.7,913,CENSUS_2011
8028,Jhalawar,RJ,Rajasthan,816155,71.4,14.6,24.9,68.5,912,CENSUS_2011
8029,Jhunjhunu,RJ,Rajasthan,1253193,66.4,10.0,9.2,81.4,1031,CENSUS_2011
8030,Jodhpur,RJ,Rajasthan,2384613,66.4,23.9,20.3,74.8,1005,CENSUS_2011
8031,Jodhpur Rural,RJ,Rajasthan,1505513,74.0,10.5,16.3,74.7,965,CENSUS_2011
8032,Karauli,RJ,Rajasthan,2301787,69.2,18.9,5.7,80.2,945,CENSUS_2011
8033,Kekri,RJ,Rajasthan,1415841,60.7,21.3,12.0,78.7,981,CENSUS_2011
8034,Khairthal Tijara,RJ,Rajasthan,1536072,71.9,21.5,9.4,69.1,1020,CENSUS_2011
8035,Kota,RJ,Rajasthan,838878,68.3,19.0,3.2,66.0,908,CENSUS_2011
8036,Kotputli Behror,RJ,Rajasthan,1563284,74.8,13.9,16.0,75.1,913,CENSUS_2011
8037,Nagaur,RJ,Rajasthan,1422974,80.1,15.9,26.0,71.8,1008,CENSUS_2011
8038,Neem Ka Thana,RJ,Rajasthan,1053776,79.0,10.4,11.7,70.5,1020,CENSUS_2011
8039,Pali,RJ,Rajasthan,914618,73.8,23.8,12.3,69.4,1036,CENSUS_2011
8040,Phalodi,RJ,Rajasthan,1599026,68.9,10.0,13.9,80.8,905,CENSUS_2011
8041,Pratapgarh,RJ,Rajasthan,2140213,65.8,20.5,15.1,74.7,934,CENSUS_2011
8042,Rajsamand,RJ,Rajasthan,1837248,69.5,20.2,7.8,77.2,964,CENSUS_2011
8043,Salumbar,RJ,Rajasthan,1091666,60.6,12.7,22.1,75.5,906,CENSUS_2011
8044,Sanchore,RJ,Rajasthan,1198035,68.1,23.0,18.9,76.8,982,CENSUS_2011
8045,Sawai Madhopur,RJ,Rajasthan,2133457,71.7,12.6,11.6,74.8,946,CENSUS_2011
8046,Shahpura,RJ,Rajasthan,2339307,75.1,22.6,26.4,66.7,917,CENSUS_2011
8047,Sikar,RJ,Rajasthan,1956196,70.7,16.9,20.0,65.8,1038,CENSUS_2011
8048,Sirohi,RJ,Rajasthan,1013915,75.3,9.9,26.7,75.9,912,CENSUS_2011
8049,Tonk,RJ,Rajasthan,1597899,69.2,22.7,16.8,81.2,996,CENSUS_2011
8050,Udaipur,RJ,Rajasthan,2153704,69.4,10.3,24.0,70.6,900,CENSUS_2011
11001,Gangtok,SK,Sikkim,307529,81.5,1.5,27.9,75.7,1015,CENSUS_2011
11002,Gyalshing,SK,Sikkim,90501,86.2,0.3,6.4,71.8,926,CENSUS_2011
11003,Mangan,SK,Sikkim,225414,82.4,0.4,5.2,73.3,1036,CENSUS_2011
11004,Namchi,SK,Sikkim,132595,91.0,0.9,5.7,86.5,1037,CENSUS_2011
11005,Pakyong,SK,Sikkim,99045,80.8,1.9,24.8,80.9,946,CENSUS_2011
11006,Soreng,SK,Sikkim,295938,85.8,1.8,23.1,72.3,925,CENSUS_2011
33001,Ariyalur,TN,Tamil Nadu,2665124,80.7,20.3,24.7,73.9,1021,CENSUS_2011
33002,Chengalpattu,TN,Tamil Nadu,1592457,65.5,17.8,22.0,63.0,1040,CENSUS_2011
33003,Chennai,TN,Tamil Nadu,7861651,2.0505575636980238,10.4,4.1,90.6,912,CENSUS_2011
33004,Coimbatore,TN,Tamil Nadu,2464436,82.9,21.0,8.6,62.1,915,CENSUS_2011
33005,Cuddalore,TN,Tamil Nadu,2100173,81.5,13.9,22.0,71.4,1039,CENSUS_2011
33006,Dharmapuri,TN,Tamil Nadu,2168073,77.8,10.8,17.7,65.6,1003,CENSUS_2011
33007,Dindigul,TN,Tamil Nadu,2900958,87.0,21.1,13.2,71.3,998,CENSUS_2011
33008,Erode,TN,Tamil Nadu,3356639,67.8,21.7,20.9,64.1,995,CENSUS_2011
33009,Kallakurichi,TN,Tamil Nadu,2161288,72.6,21.8,8.8,79.4,1025,CENSUS_2011
33010,Kancheepuram,TN,Tamil Nadu,3043296,86.2,23.1,12.8,76.8,928,CENSUS_2011
33011,Kanniyakumari,TN,Tamil Nadu,3481189,82.7,21.9,16.2,71.0,959,CENSUS_2011
33012,Karur,TN,Tamil Nadu,3729110,77.8,15.0,11.3,65.9,915,CENSUS_2011
33013,Krishnagiri,TN,Tamil Nadu,1785384,65.6,16.8,23.1,69.3,1028,CENSUS_2011
33014,Madurai,TN,Tamil Nadu,1550227,87.4,20.4,15.5,79.3,1040,CENSUS_2011
33015,Mayiladuthurai,TN,Tamil Nadu,2288424,77.4,13.4,19.0,68.4,936,CENSUS_2011
33016,Nagapattinam,TN,Tamil Nadu,1380920,78.5,10.0,25.4,64.6,912,CENSUS_2011
33017,Namakkal,TN,Tamil Nadu,2387155,84.2,17.3,20.4,67.5,999,CENSUS_2011
33018,Nilgiris,TN,Tamil Nadu,3028331,68.2,16.2,27.7,65.2,1024,CENSUS_2011
33019,Perambalur,TN,Tamil Nadu,2242810,66.0,17.5,3.5,65.1,975,CENSUS_2011
33020,Pudukkottai,TN,Tamil Nadu,2285032,78.7,17.3,2.1,71.5,1028,CENSUS_2011
33021,Ramanathapuram,TN,Tamil Nadu,3794366,77.6,16.6,16.3,66.2,913,CENSUS_2011
33022,Ranipet,TN,Tamil Nadu,3528842,83.6,13.3,12.1,64.1,922,CENSUS_2011
33023,Salem,TN,Tamil Nadu,2571010,83.2,8.2,22.3,65.2,969,CENSUS_2011
33024,Sivaganga,TN,Tamil Nadu,2412952,66.2,13.7,17.4,67.9,948,CENSUS_2011
33025,Tenkasi,TN,Tamil Nadu,3311246,83.8,21.5,18.3,65.0,905,CENSUS_2011
33026,Thanjavur,TN,Tamil Nadu,2982529,66.8,23.6,2.4,74.6,1025,CENSUS_2011
33027,Theni,TN,Tamil Nadu,2325561,66.1,15.3,9.2,73.5,984,CENSUS_2011
33028,Thoothukudi,TN,Tamil Nadu,1897754,76.3,22.7,16.0,60.6,987,CENSUS_2011
33029,Tiruchirappalli,TN,Tamil Nadu,2162669,85.3,22.6,24.3,60.2,916,CENSUS_2011
33030,Tirunelveli,TN,Tamil Nadu,1265303,79.8,23.5,20.6,73.0,972,CENSUS_2011
33031,Tirupathur,TN,Tamil Nadu,3084979,80.7,12.0,22.9,65.1,1028,CENSUS_2011
33032,Tiruppur,TN,Tamil Nadu,1407098,81.4,11.6,4.9,71.1,901,CENSUS_2011
33033,Tiruvallur,TN,Tamil Nadu,2186633,85.6,13.4,7.6,65.8,911,CENSUS_2011
33034,Tiruvannamalai,TN,Tamil Nadu,2581704,86.9,15.4,3.0,71.8,895,CENSUS_2011
33035,Tiruvarur,TN,Tamil Nadu,3794654,75.8,8.3,21.9,70.5,939,CENSUS_2011
33036,Vellore,TN,Tamil Nadu,2998325,69.2,9.3,13.3,69.1,986,CENSUS_2011
33037,Viluppuram,TN,Tamil Nadu,2607668,76.7,10.0,14.1,79.4,964,CENSUS_2011
33038,Virudhunagar,TN,Tamil Nadu,2308696,81.6,23.6,3.8,67.3,1031,CENSUS_2011
36001,Adilabad,TG,Telangana,985238,66.1,24.9,14.6,79.7,1033,CENSUS_2011
36002,Bhadradri Kothagudem,TG,Telangana,2045281,75.4,9.6,16.5,81.1,890,CENSUS_2011
36003,Hanamkonda,TG,Telangana,2169392,78.3,22.9,16.5,76.1,969,CENSUS_2011
36004,Hyderabad,TG,Telangana,8516592,0.4132122998393095,20.3,2.9,91.8,956,CENSUS_2011
36005,Jagtial,TG,Telangana,1639114,64.3,24.8,27.9,74.3,966,CENSUS_2011
36006,Jangaon,TG,Telangana,1131992,72.4,8.2,1.9,77.4,975,CENSUS_2011
36007,Jayashankar Bhupalpally,TG,Telangana,2029271,60.5,14.3,7.3,77.2,958,CENSUS_2011
36008,Jogulamba Gadwal,TG,Telangana,2072955,75.1,15.5,25.0,75.0,976,CENSUS_2011
36009,Kamareddy,TG,Telangana,725595,64.5,10.0,8.5,80.3,922,CENSUS_2011
36010,Karimnagar,TG,Telangana,848188,60.7,16.3,26.4,71.9,893,CENSUS_2011
36011,Khammam,TG,Telangana,1171918,60.5,15.8,21.5,71.7,930,CENSUS_2011
36012,Kumuram Bheem Asifabad,TG,Telangana,2351412,60.7,23.2,12.4,65.7,901,CENSUS_2011
36013,Mahabubabad,TG,Telangana,1646125,67.1,11.2,5.6,74.6,998,CENSUS_2011
36014,Mahabubnagar,TG,Telangana,712832,64.0,24.3,3.7,72.3,933,CENSUS_2011
36015,Mancherial,TG,Telangana,1783732,61.0,24.9,10.2,65.9,950,CENSUS_2011
36016,Medak,TG,Telangana,1317706,71.8,22.3,7.2,75.6,929,CENSUS_2011
36017,Medchal Malkajgiri,TG,Telangana,1013037,64.8,20.2,14.4,67.2,922,CENSUS_2011
36018,Mulugu,TG,Telangana,2310413,61.6,10.8,17.2,65.4,996,CENSUS_2011
36019,Nagarkurnool,TG,Telangana,1580383,70.7,14.2,16.0,73.5,984,CENSUS_2011
36020,Nalgonda,TG,Telangana,2315247,64.1,15.1,1.2,68.8,986,CENSUS_2011
36021,Narayanpet,TG,Telangana,1945956,80.9,20.6,26.1,75.5,927,CENSUS_2011
36022,Nirmal,TG,Telangana,772843,77.8,9.3,23.5,69.1,1025,CENSUS_2011
36023,Nizamabad,TG,Telangana,1268023,68.6,18.1,14.6,80.8,906,CENSUS_2011
36024,Peddapalli,TG,Telangana,1202328,60.3,12.7,7.5,79.8,1040,CENSUS_2011
36025,Rajanna Sircilla,TG,Telangana,2127467,79.9,19.0,20.7,65.5,1016,CENSUS_2011
36026,Ranga Reddy,TG,Telangana,1742746,64.3,22.8,26.2,81.4,896,CENSUS_2011
36027,Sangareddy,TG,Telangana,1470677,67.2,24.7,2.0,73.8,928,CENSUS_2011
36028,Siddipet,TG,Telangana,1425327,67.7,21.2,5.8,67.6,896,CENSUS_2011
36029,Suryapet,TG,Telangana,1693381,75.2,21.3,7.0,79.1,980,CENSUS_2011
36030,Vikarabad,TG,Telangana,1861029,64.9,19.5,18.1,81.4,936,CENSUS_2011
36031,Wanaparthy,TG,Telangana,1973869,66.4,13.9,27.7,82.0,1034,CENSUS_2011
36032,Warangal,TG,Telangana,1532191,75.0,9.8,7.4,73.4,1014,CENSUS_2011
36033,Yadadri Bhuvanagiri,TG,Telangana,1227280,72.5,23.9,18.8,78.6,984,CENSUS_2011
16001,Dhalai,TR,Tripura,2098094,60.3,19.1,3.6,75.6,912,CENSUS_2011
16002,Gomati,TR,Tripura,1665491,81.1,24.4,15.4,76.8,1011,CENSUS_2011
16003,Khowai,TR,Tripura,1438140,78.5,16.3,11.2,78.2,962,CENSUS_2011
16004,North Tripura,TR,Tripura,1393372,60.7,14.0,19.9,71.9,1010,CENSUS_2011
16005,Sepahijala,TR,Tripura,1594574,66.6,22.5,17.6,81.8,1024,CENSUS_2011
16006,South Tripura,TR,Tripura,1208471,78.3,12.4,16.6,81.1,962,CENSUS_2011
16007,Unakoti,TR,Tripura,917288,81.3,20.9,13.0,82.0,905,CENSUS_2011
16008,West Tripura,TR,Tripura,1888190,61.2,23.3,24.6,65.5,917,CENSUS_2011
9001,Agra,UP,Uttar Pradesh,2572611,74.1,9.2,26.2,64.4,1030,CENSUS_2011
9002,Aligarh,UP,Uttar Pradesh,1317526,65.8,24.8,18.6,75.8,926,CENSUS_2011
9003,Ambedkar Nagar,UP,Uttar Pradesh,2375793,74.7,15.6,10.1,66.8,930,CENSUS_2011
9004,Amethi,UP,Uttar Pradesh,1795567,82.8,13.9,23.0,72.2,953,CENSUS_2011
9005,Amroha,UP,Uttar Pradesh,1268725,67.1,24.3,18.9,74.4,923,CENSUS_2011
9006,Auraiya,UP,Uttar Pradesh,3471735,70.2,15.5,22.3,77.4,1010,CENSUS_2011
9007,Ayodhya,UP,Uttar Pradesh,1560511,87.5,15.8,14.9,62.4,950,CENSUS_2011
9008,Azamgarh,UP,Uttar Pradesh,1658823,76.4,10.4,14.3,63.5,989,CENSUS_2011
9009,Baghpat,UP,Uttar Pradesh,1277685,72.0,16.5,17.2,76.8,974,CENSUS_2011
9010,Bahraich,UP,Uttar Pradesh,3097295,86.2,21.5,5.3,69.5,981,CENSUS_2011
9011,Ballia,UP,Uttar Pradesh,2224935,75.7,10.6,12.0,74.4,965,CENSUS_2011
9012,Balrampur,UP,Uttar Pradesh,1595779,86.8,9.3,21.2,63.5,1020,CENSUS_2011
9013,Banda,UP,Uttar Pradesh,3288042,75.2,12.2,9.5,70.5,973,CENSUS_2011
9014,Barabanki,UP,Uttar Pradesh,1672982,71.5,16.7,24.8,69.7,918,CENSUS_2011
9015,Bareilly,UP,Uttar Pradesh,1876514,77.4,14.7,24.6,63.9,890,CENSUS_2011
9016,Basti,UP,Uttar Pradesh,2152687,69.1,23.1,24.8,71.1,1018,CENSUS_2011
9017,Bhadohi,UP,Uttar Pradesh,3321652,83.2,11.8,17.4,64.0,915,CENSUS_2011
9018,Bijnor,UP,Uttar Pradesh,3457484,77.0,21.8,7.7,77.1,909,CENSUS_2011
9019,Budaun,UP,Uttar Pradesh,2812593,82.6,14.0,23.4,72.2,925,CENSUS_2011
9020,Bulandshahr,UP,Uttar Pradesh,3036571,78.2,8.4,1.1,67.9,1007,CENSUS_2011
9021,Chandauli,UP,Uttar Pradesh,3650647,77.3,13.4,22.4,65.3,932,CENSUS_2011
9022,Chitrakoot,UP,Uttar Pradesh,3530122,69.4,8.7,14.0,73.3,1028,CENSUS_2011
9023,Deoria,UP,Uttar Pradesh,2052726,65.4,14.1,8.9,79.4,1032,CENSUS_2011
9024,Etah,UP,Uttar Pradesh,2338264,86.1,24.5,4.6,66.1,901,CENSUS_2011
9025,Etawah,UP,Uttar Pradesh,2189485,70.0,19.2,12.9,72.7,897,CENSUS_2011
9026,Farrukhabad,UP,Uttar Pradesh,1213943,82.0,19.2,26.6,67.9,907,CENSUS_2011
9027,Fatehpur,UP,Uttar Pradesh,1685097,87.5,14.3,3.3,66.6,907,CENSUS_2011
9028,Firozabad,UP,Uttar Pradesh,3595266,75.6,22.4,17.3,65.2,899,CENSUS_2011
9029,Gautam Buddha Nagar,UP,Uttar Pradesh,1240444,71.6,11.1,19.5,71.1,970,CENSUS_2011
9030,Ghaziabad,UP,Uttar Pradesh,3669817,86.4,11.8,23.0,79.7,924,CENSUS_2011
9031,Ghazipur,UP,Uttar Pradesh,2917981,80.3,12.9,18.6,65.8,989,CENSUS_2011
9032,Gonda,UP,Uttar Pradesh,3050138,82.1,17.2,18.8,69.3,908,CENSUS_2011
9033,Gorakhpur,UP,Uttar Pradesh,2112839,79.7,16.5,21.3,64.2,1027,CENSUS_2011
9034,Hamirpur,UP,Uttar Pradesh,2974016,78.5,21.4,3.4,64.4,970,CENSUS_2011
9035,Hapur,UP,Uttar Pradesh,2220680,81.6,9.0,15.3,60.8,1026,CENSUS_2011
9036,Hardoi,UP,Uttar Pradesh,2214998,83.4,8.1,10.0,61.2,972,CENSUS_2011
9037,Hathras,UP,Uttar Pradesh,2206566,75.8,8.5,5.3,63.6,997,CENSUS_2011
9038,Jalaun,UP,Uttar Pradesh,1379741,87.4,8.6,19.1,79.3,1029,CENSUS_2011
9039,Jaunpur,UP,Uttar Pradesh,3745154,79.4,8.1,5.7,73.8,1019,CENSUS_2011
9040,Jhansi,UP,Uttar Pradesh,1643163,82.4,22.0,21.9,76.8,898,CENSUS_2011
9041,Kannauj,UP,Uttar Pradesh,3350214,84.0,24.5,6.0,77.5,922,CENSUS_2011
9042,Kanpur Dehat,UP,Uttar Pradesh,2335492,73.5,22.3,18.4,75.6,905,CENSUS_2011
9043,Kanpur Nagar,UP,Uttar Pradesh,2097517,69.0,17.1,17.8,62.0,899,CENSUS_2011
9044,Kasganj,UP,Uttar Pradesh,1241844,72.8,13.3,2.6,69.5,1016,CENSUS_2011
9045,Kaushambi,UP,Uttar Pradesh,2526294,85.0,12.7,12.0,74.2,918,CENSUS_2011
9046,Kheri,UP,Uttar Pradesh,1545116,68.3,23.9,20.7,74.7,1039,CENSUS_2011
9047,Kushinagar,UP,Uttar Pradesh,3650925,77.4,8.6,3.9,62.2,1037,CENSUS_2011
9048,Lalitpur,UP,Uttar Pradesh,3404186,71.2,8.4,21.2,69.1,1002,CENSUS_2011
9049,Lucknow,UP,Uttar Pradesh,2368543,77.4,12.6,26.5,70.2,900,CENSUS_2011
9050,Maharajganj,UP,Uttar Pradesh,2423439,82.1,15.7,17.0,79.9,891,CENSUS_2011
9051,Mahoba,UP,Uttar Pradesh,3791140,66.0,21.5,10.1,60.2,1029,CENSUS_2011
9052,Mainpuri,UP,Uttar Pradesh,3733900,77.8,12.4,14.5,67.4,1036,CENSUS_2011
9053,Mathura,UP,Uttar Pradesh,1778596,71.1,8.3,4.8,72.9,1028,CENSUS_2011
9054,Mau,UP,Uttar Pradesh,2132264,72.9,8.1,3.4,69.1,914,CENSUS_2011
9055,Meerut,UP,Uttar Pradesh,2216292,77.0,8.5,20.5,69.2,934,CENSUS_2011
9056,Mirzapur,UP,Uttar Pradesh,1945346,85.6,15.1,6.9,79.6,966,CENSUS_2011
9057,Moradabad,UP,Uttar Pradesh,1968702,74.1,16.7,23.9,79.7,989,CENSUS_2011
9058,Muzaffarnagar,UP,Uttar Pradesh,1656562,83.5,17.6,27.8,66.1,927,CENSUS_2011
9059,Pilibhit,UP,Uttar Pradesh,1568853,82.6,20.1,14.3,62.0,940,CENSUS_2011
9060,Pratapgarh,UP,Uttar Pradesh,1622603,87.8,10.7,24.7,63.6,969,CENSUS_2011
9061,Prayagraj,UP,Uttar Pradesh,3510049,84.0,23.5,2.3,72.5,912,CENSUS_2011
9062,Raebareli,UP,Uttar Pradesh,1413609,81.6,17.9,8.7,65.2,1009,CENSUS_2011
9063,Rampur,UP,Uttar Pradesh,1643688,74.8,16.7,22.0,71.1,1010,CENSUS_2011
9064,Saharanpur,UP,Uttar Pradesh,2675967,75.7,8.5,5.6,79.4,955,CENSUS_2011
9065,Sambhal,UP,Uttar Pradesh,2231412,78.3,23.8,19.8,79.7,926,CENSUS_2011
9066,Sant Kabir Nagar,UP,Uttar Pradesh,3472596,84.7,11.7,1.3,70.1,917,CENSUS_2011
9067,Shahjahanpur,UP,Uttar Pradesh,2566720,65.4,20.9,25.6,62.4,997,CENSUS_2011
9068,Shamli,UP,Uttar Pradesh,2719514,71.0,24.0,2.2,67.5,1008,CENSUS_2011
9069,Shrawasti,UP,Uttar Pradesh,2164187,76.1,11.7,14.1,74.5,968,CENSUS_2011
9070,Siddharthnagar,UP,Uttar Pradesh,2997723,70.8,19.1,11.2,60.2,942,CENSUS_2011
9071,Sitapur,UP,Uttar Pradesh,3680183,80.6,19.8,22.1,63.5,950,CENSUS_2011
9072,Sonbhadra,UP,Uttar Pradesh,2621872,72.9,22.5,16.8,63.2,897,CENSUS_2011
9073,Sultanpur,UP,Uttar Pradesh,1439940,82.9,23.0,11.0,63.2,963,CENSUS_2011
9074,Unnao,UP,Uttar Pradesh,1524774,66.4,22.8,13.2,70.9,894,CENSUS_2011
9075,Varanasi,UP,Uttar Pradesh,3528707,65.1,17.6,21.0,64.4,973,CENSUS_2011
5001,Almora,UK,Uttarakhand,1166005,67.7,24.6,16.2,65.8,999,CENSUS_2011
5002,Bageshwar,UK,Uttarakhand,1565669,78.6,8.8,1.3,65.4,916,CENSUS_2011
5003,Chamoli,UK,Uttarakhand,1022886,77.8,21.7,10.3,80.4,905,CENSUS_2011
5004,Champawat,UK,Uttarakhand,1827017,60.6,20.6,28.0,74.6,949,CENSUS_2011
5005,Dehradun,UK,Uttarakhand,1505161,64.0,12.6,3.5,78.2,942,CENSUS_2011
5006,Haridwar,UK,Uttarakhand,1592806,62.7,11.9,1.1,78.7,930,CENSUS_2011
5007,Nainital,UK,Uttarakhand,2037377,63.1,24.6,11.1,72.9,954,CENSUS_2011
5008,Pauri Garhwal,UK,Uttarakhand,1936413,81.7,9.6,24.6,72.3,904,CENSUS_2011
5009,Pithoragarh,UK,Uttarakhand,2080895,72.9,13.2,6.9,67.9,971,CENSUS_2011
5010,Rudraprayag,UK,Uttarakhand,2362871,63.6,9.5,16.4,80.7,934,CENSUS_2011
5011,Tehri Garhwal,UK,Uttarakhand,877004,72.6,21.0,15.5,69.2,935,CENSUS_2011
5012,Udham Singh Nagar,UK,Uttarakhand,1802518,75.7,8.3,9.8,71.0,1008,CENSUS_2011
5013,Uttarkashi,UK,Uttarakhand,2270485,64.3,16.0,25.2,68.0,1023,CENSUS_2011
19001,Alipurduar,WB,West Bengal,1966517,65.9,17.5,13.0,63.4,958,CENSUS_2011
19002,Bankura,WB,West Bengal,3363076,75.0,9.1,1.3,74.1,890,CENSUS_2011
19003,Birbhum,WB,West Bengal,2131676,75.5,16.9,8.4,79.1,1007,CENSUS_2011
19004,Cooch Behar,WB,West Bengal,3596010,65.8,15.7,26.0,61.2,932,CENSUS_2011
19005,Dakshin Dinajpur,WB,West Bengal,2084957,65.5,19.9,25.0,68.1,920,CENSUS_2011
19006,Darjeeling,WB,West Bengal,1909508,81.0,22.8,14.6,73.9,1013,CENSUS_2011
19007,Hooghly,WB,West Bengal,1492461,74.3,23.8,19.3,63.3,893,CENSUS_2011
19008,Howrah,WB,West Bengal,3761654,71.0,13.0,1.8,68.1,1027,CENSUS_2011
19009,Jalpaiguri,WB,West Bengal,1881180,87.0,17.5,14.8,65.4,961,CENSUS_2011
19010,Jhargram,WB,West Bengal,2792215,80.0,21.1,25.9,65.1,926,CENSUS_2011
19011,Kalimpong,WB,West Bengal,2939038,77.7,21.1,23.5,73.0,1024,CENSUS_2011
19012,Kolkata,WB,West Bengal,4130493,2.787346543114394,22.3,7.5,89.0,920,CENSUS_2011
19013,Malda,WB,West Bengal,2450978,68.7,11.7,17.1,77.5,1039,CENSUS_2011
19014,Murshidabad,WB,West Bengal,2982219,70.9,19.9,23.0,75.1,984,CENSUS_2011
19015,Nadia,WB,West Bengal,3734697,82.8,14.9,16.8,79.4,923,CENSUS_2011
19016,North 24 Parganas,WB,West Bengal,3759669,87.7,24.1,18.7,78.2,929,CENSUS_2011
19017,Paschim Bardhaman,WB,West Bengal,2236074,67.2,17.0,6.1,64.0,911,CENSUS_2011
19018,Paschim Medinipur,WB,West Bengal,3366719,83.7,10.6,18.2,69.9,1029,CENSUS_2011
19019,Purba Bardhaman,WB,West Bengal,1629097,79.3,23.4,11.8,65.2,1035,CENSUS_2011
19020,Purba Medinipur,WB,West Bengal,2417940,84.5,12.2,26.4,60.1,1015,CENSUS_2011
19021,Purulia,WB,West Bengal,3648754,78.7,11.4,14.1,61.4,943,CENSUS_2011
19022,South 24 Parganas,WB,West Bengal,3751398,66.6,8.6,25.8,69.4,1032,CENSUS_2011
19023,Uttar Dinajpur,WB,West Bengal,3796922,74.0,18.2,4.2,67.3,991,CENSUS_2011
35001,Nicobars,AN,Andaman and Nicobar Islands,55922,75.2,22.0,16.0,75.4,961,CENSUS_2011
35002,North and Middle Andaman,AN,Andaman and Nicobar Islands,298788,90.0,21.0,23.7,86.0,1014,CENSUS_2011
35003,South Andaman,AN,Andaman and Nicobar Islands,179534,82.2,13.8,22.6,79.2,951,CENSUS_2011
4001,Chandigarh,CH,Chandigarh,2043377,79.7,20.8,8.8,66.4,908,CENSUS_2011
26001,Dadra and Nagar Haveli,DD,Dadra and Nagar Haveli and Daman and Diu,1640414,60.1,16.8,2.3,80.4,903,CENSUS_2011
26002,Daman,DD,Dadra and Nagar Haveli and Daman and Diu,1975718,65.8,11.4,26.5,67.7,984,CENSUS_2011
26003,Diu,DD,Dadra and Nagar Haveli and Daman and Diu,1867771,81.2,12.9,9.9,69.8,1021,CENSUS_2011
7001,Central Delhi,DL,Delhi,7425813,0.5127446282975401,10.4,15.6,88.1,897,CENSUS_2011
7002,East Delhi,DL,Delhi,1622825,72.6,11.0,9.2,71.3,943,CENSUS_2011
7003,New Delhi,DL,Delhi,1329867,78.6,11.7,9.9,71.9,921,CENSUS_2011
7004,North Delhi,DL,Delhi,1965568,67.9,11.7,24.0,73.3,926,CENSUS_2011
7005,North East Delhi,DL,Delhi,2187108,63.5,22.7,18.6,77.3,901,CENSUS_2011
7006,North West Delhi,DL,Delhi,1263565,75.2,14.6,25.7,67.2,1003,CENSUS_2011
7007,Shahdara,DL,Delhi,1761645,75.4,14.8,26.1,65.6,1012,CENSUS_2011
7008,South Delhi,DL,Delhi,2290922,68.1,15.7,4.7,67.8,1035,CENSUS_2011
7009,South East Delhi,DL,Delhi,1156317,81.6,17.7,14.1,76.9,1037,CENSUS_2011
7010,South West Delhi,DL,Delhi,1499027,62.2,20.2,16.8,66.7,1026,CENSUS_2011
7011,West Delhi,DL,Delhi,2035833,63.6,15.8,14.6,71.8,1015,CENSUS_2011
1001,Anantnag,JK,Jammu and Kashmir,1957155,71.8,12.6,1.7,79.8,973,CENSUS_2011
1002,Bandipora,JK,Jammu and Kashmir,2236069,69.9,24.2,9.9,73.6,1023,CENSUS_2011
1003,Baramulla,JK,Jammu and Kashmir,1238313,79.0,21.1,16.9,69.4,1010,CENSUS_2011
1004,Budgam,JK,Jammu and Kashmir,827429,63.8,13.7,2.3,78.6,1026,CENSUS_2011
1005,Doda,JK,Jammu and Kashmir,1804416,60.3,8.7,6.5,70.4,986,CENSUS_2011
1006,Ganderbal,JK,Jammu and Kashmir,888792,67.8,24.6,4.8,74.0,1023,CENSUS_2011
1007,Jammu,JK,Jammu and Kashmir,1794676,76.6,18.3,22.2,67.2,1023,CENSUS_2011
1008,Kathua,JK,Jammu and Kashmir,1505199,68.9,11.6,27.1,79.3,912,CENSUS_2011
1009,Kishtwar,JK,Jammu and Kashmir,1754001,80.8,10.6,5.6,65.5,1010,CENSUS_2011
1010,Kulgam,JK,Jammu and Kashmir,1842205,71.9,22.3,21.2,76.7,1008,CENSUS_2011
1011,Kupwara,JK,Jammu and Kashmir,2128703,62.4,18.7,19.0,66.9,897,CENSUS_2011
1012,Poonch,JK,Jammu and Kashmir,1653536,72.9,21.2,16.9,68.7,926,CENSUS_2011
1013,Pulwama,JK,Jammu and Kashmir,2378489,70.7,9.7,5.6,69.0,945,CENSUS_2011
1014,Rajouri,JK,Jammu and Kashmir,1713757,80.9,19.9,21.3,76.1,948,CENSUS_2011
1015,Ramban,JK,Jammu and Kashmir,1594124,71.3,24.6,16.5,69.5,965,CENSUS_2011
1016,Reasi,JK,Jammu and Kashmir,1621031,65.1,24.3,21.9,73.7,943,CENSUS_2011
1017,Samba,JK,Jammu and Kashmir,2366625,68.5,12.3,5.8,73.0,921,CENSUS_2011
1018,Shopian,JK,Jammu and Kashmir,2300563,66.6,16.2,19.9,69.6,904,CENSUS_2011
1019,Srinagar,JK,Jammu and Kashmir,1927132,68.5,10.0,25.0,78.9,996,CENSUS_2011
1020,Udhampur,JK,Jammu and Kashmir,2220850,69.6,11.8,12.4,72.2,981,CENSUS_2011
37001,Kargil,LA,Ladakh,164149,80.8,11.7,16.3,70.6,981,CENSUS_2011
37002,Leh,LA,Ladakh,144201,88.3,12.6,8.8,83.6,955,CENSUS_2011
31001,Lakshadweep,LD,Lakshadweep,279610,83.0,0.3,89.7,74.3,892,CENSUS_2011
34001,Karaikal,PY,Puducherry,917862,80.8,21.6,3.1,65.3,1006,CENSUS_2011
34002,Mahe,PY,Puducherry,1109443,61.2,15.3,10.1,81.3,975,CENSUS_2011
34003,Puducherry,PY,Puducherry,986534,66.1,13.4,24.5,65.5,1040,CENSUS_2011
34004,Yanam,PY,Puducherry,1233018,67.4,19.5,10.0,79.6,945,CENSUS_2011
