lgd_code,district_name,state_code,jjm_tap_coverage,total_rural_households,fhtc_provided,source_tag
28001,Alluri Sitharama Raju,AP,0.469,173961,81587,JJM_API
28002,Anakapalli,AP,0.729,304068,221665,JJM_API
28003,Ananthapuramu,AP,0.803,152491,122450,JJM_API
28004,Annamayya,AP,0.864,146865,126891,JJM_API
28005,Bapatla,AP,0.722,279074,201491,JJM_API
28006,Chittoor,AP,0.643,268532,172666,JJM_API
28007,Dr. B.R. Ambedkar Konaseema,AP,0.618,194796,120383,JJM_API
28008,East Godavari,AP,0.904,150010,135609,JJM_API
28009,Eluru,AP,0.646,138425,89422,JJM_API
28010,Guntur,AP,0.58,241392,140007,JJM_API
28011,Kakinada,AP,0.777,104177,80945,JJM_API
28012,Krishna,AP,0.967,263233,254546,JJM_API
28013,Kurnool,AP,0.644,191196,123130,JJM_API
28014,Nandyal,AP,0.769,358137,275407,JJM_API
28015,NTR,AP,0.789,285339,225132,JJM_API
28016,Palnadu,AP,0.68,383405,260715,JJM_API
28017,Parvathipuram Manyam,AP,0.608,263876,160436,JJM_API
28018,Prakasam,AP,0.543,236154,128231,JJM_API
28019,Srikakulam,AP,0.449,383782,172318,JJM_API
28020,Sri Potti Sriramulu Nellore,AP,0.947,241590,228785,JJM_API
28021,Sri Sathya Sai,AP,0.854,148022,126410,JJM_API
28022,Tirupati,AP,0.782,141941,110997,JJM_API
28023,Visakhapatnam,AP,0.886,236230,209299,JJM_API
28024,Vizianagaram,AP,0.468,293678,137441,JJM_API
28025,West Godavari,AP,0.814,226697,184531,JJM_API
28026,Y.S.R. Kadapa,AP,0.758,262070,198649,JJM_API
12001,Anjaw,AR,0.441,19215,8473,JJM_API
12002,Changlang,AR,0.976,28615,27928,JJM_API
12003,Dibang Valley,AR,0.905,5769,5220,JJM_API
12004,East Kameng,AR,0.429,55466,23794,JJM_API
12005,East Siang,AR,0.513,13644,6999,JJM_API
12006,Kamle,AR,0.588,32863,19323,JJM_API
12007,Kra Daadi,AR,0.772,27043,20877,JJM_API
12008,Kurung Kumey,AR,0.962,15956,15349,JJM_API
12009,Lepa Rada,AR,0.474,37670,17855,JJM_API
12010,Lohit,AR,0.471,33131,15604,JJM_API
12011,Longding,AR,0.518,7368,3816,JJM_API
12012,Lower Dibang Valley,AR,0.727,13756,10000,JJM_API
12013,Lower Siang,AR,0.875,42252,36970,JJM_API
12014,Lower Subansiri,AR,0.435,47987,20874,JJM_API
12015,Namsai,AR,0.572,14814,8473,JJM_API
12016,Pakke Kessang,AR,0.46,19278,8867,JJM_API
12017,Papum Pare,AR,0.717,35581,25511,JJM_API
12018,Shi Yomi,AR,0.751,30655,23021,JJM_API
12019,Siang,AR,0.975,41040,40014,JJM_API
12020,Tawang,AR,0.875,36475,31915,JJM_API
12021,Tirap,AR,0.886,39359,34872,JJM_API
12022,Upper Siang,AR,0.449,51404,23080,JJM_API
12023,Upper Subansiri,AR,0.441,38100,16802,JJM_API
12024,West Kameng,AR,0.421,46353,19514,JJM_API
12025,West Siang,AR,0.969,31792,30806,JJM_API
12026,Itanagar Capital Complex,AR,0.698,49296,34408,JJM_API
18001,Baksa,AS,0.954,397732,379436,JJM_API
18002,Barpeta,AS,0.48,252243,121076,JJM_API
18003,Biswanath,AS,0.863,334970,289079,JJM_API
18004,Bongaigaon,AS,0.71,173281,123029,JJM_API
18005,Cachar,AS,0.568,128116,72769,JJM_API
18006,Charaideo,AS,0.489,201302,98436,JJM_API
18007,Chirang,AS,0.58,102093,59213,JJM_API
18008,Darrang,AS,0.442,234065,103456,JJM_API
18009,Dhemaji,AS,0.743,366483,272296,JJM_API
18010,Dhubri,AS,0.41,170933,70082,JJM_API
18011,Dibrugarh,AS,0.878,304347,267216,JJM_API
18012,Dima Hasao,AS,0.648,323313,209506,JJM_API
18013,Goalpara,AS,0.579,215936,125026,JJM_API
18014,Golaghat,AS,0.566,272144,154033,JJM_API
18015,Hailakandi,AS,0.844,148932,125698,JJM_API
18016,Hojai,AS,0.733,264883,194159,JJM_API
18017,Jorhat,AS,0.494,270365,133560,JJM_API
18018,Kamrup,AS,0.557,99692,55528,JJM_API
18019,Kamrup Metropolitan,AS,0.86,164094,141120,JJM_API
18020,Karbi Anglong,AS,0.525,139953,73475,JJM_API
18021,Karimganj,AS,0.847,176615,149592,JJM_API
18022,Kokrajhar,AS,0.523,221148,115660,JJM_API
18023,Lakhimpur,AS,0.701,196306,137610,JJM_API
18024,Majuli,AS,0.466,220542,102772,JJM_API
18025,Morigaon,AS,0.887,357090,316738,JJM_API
18026,Nagaon,AS,0.867,215352,186710,JJM_API
18027,Nalbari,AS,0.927,189430,175601,JJM_API
18028,Sivasagar,AS,0.588,392740,230931,JJM_API
18029,Sonitpur,AS,0.797,165251,131705,JJM_API
18030,South Salmara-Mankachar,AS,0.476,162132,77174,JJM_API
18031,Tinsukia,AS,0.615,293314,180388,JJM_API
18032,Udalguri,AS,0.535,343982,184030,JJM_API
18033,West Karbi Anglong,AS,0.808,136780,110518,JJM_API
18034,Bajali,AS,0.437,315047,137675,JJM_API
18035,Tamulpur,AS,0.666,218516,145531,JJM_API
10001,Araria,BR,0.906,226915,205584,JJM_API
10002,Arwal,BR,0.866,271075,234750,JJM_API
10003,Aurangabad,BR,0.787,311572,245207,JJM_API
10004,Banka,BR,0.497,392354,194999,JJM_API
10005,Begusarai,BR,0.856,263135,225243,JJM_API
10006,Bhagalpur,BR,0.429,441778,189522,JJM_API
10007,Bhojpur,BR,0.468,221903,103850,JJM_API
10008,Buxar,BR,0.675,375498,253461,JJM_API
10009,Darbhanga,BR,0.629,375554,236223,JJM_API
10010,East Champaran,BR,0.723,600262,433989,JJM_API
10011,Gaya,BR,0.455,509029,231608,JJM_API
10012,Gopalganj,BR,0.54,238058,128551,JJM_API
10013,Jamui,BR,0.531,253572,134646,JJM_API
10014,Jehanabad,BR,0.655,511023,334720,JJM_API
10015,Kaimur,BR,0.719,669061,481054,JJM_API
10016,Katihar,BR,0.431,527088,227174,JJM_API
10017,Khagaria,BR,0.808,525608,424691,JJM_API
10018,Kishanganj,BR,0.88,224181,197279,JJM_API
10019,Lakhisarai,BR,0.462,429775,198556,JJM_API
10020,Madhepura,BR,0.622,307488,191257,JJM_API
10021,Madhubani,BR,0.468,377405,176625,JJM_API
10022,Munger,BR,0.444,443240,196798,JJM_API
10023,Muzaffarpur,BR,0.86,625540,537964,JJM_API
10024,Nalanda,BR,0.966,575607,556036,JJM_API
10025,Nawada,BR,0.626,212351,132931,JJM_API
10026,Patna,BR,0.685,306618,210033,JJM_API
10027,Purnia,BR,0.779,607388,473155,JJM_API
10028,Rohtas,BR,0.928,303227,281394,JJM_API
10029,Saharsa,BR,0.684,267512,182978,JJM_API
10030,Samastipur,BR,0.764,311109,237687,JJM_API
10031,Saran,BR,0.612,380617,232937,JJM_API
10032,Sheikhpura,BR,0.686,176652,121183,JJM_API
10033,Sheohar,BR,0.422,220720,93143,JJM_API
10034,Sitamarhi,BR,0.955,189144,180632,JJM_API
10035,Siwan,BR,0.691,577942,399357,JJM_API
10036,Supaul,BR,0.895,630894,564650,JJM_API
10037,Vaishali,BR,0.735,210124,154441,JJM_API
10038,West Champaran,BR,0.525,463954,243575,JJM_API
22001,Balod,CG,0.702,167887,117856,JJM_API
22002,Baloda Bazar,CG,0.809,276506,223693,JJM_API
22003,Balrampur,CG,0.477,345962,165023,JJM_API
22004,Bastar,CG,0.855,319168,272888,JJM_API
22005,Bemetara,CG,0.543,278762,151367,JJM_API
22006,Bijapur,CG,0.564,122441,69056,JJM_API
22007,Bilaspur,CG,0.838,359122,300944,JJM_API
22008,Dantewada,CG,0.634,227722,144375,JJM_API
22009,Dhamtari,CG,0.927,122078,113166,JJM_API
22010,Durg,CG,0.808,199022,160809,JJM_API
22011,Gariaband,CG,0.896,245085,219596,JJM_API
22012,Gaurela Pendra Marwahi,CG,0.951,310996,295757,JJM_API
22013,Janjgir Champa,CG,0.786,189658,149071,JJM_API
22014,Jashpur,CG,0.433,287823,124627,JJM_API
22015,Kabirdham,CG,0.568,257664,146353,JJM_API
22016,Kanker,CG,0.91,116647,106148,JJM_API
22017,Kondagaon,CG,0.48,224498,107759,JJM_API
22018,Korba,CG,0.868,367936,319368,JJM_API
22019,Koriya,CG,0.529,252192,133409,JJM_API
22020,Mahasamund,CG,0.566,173316,98096,JJM_API
22021,Manendragarh Chirmiri Bharatpur,CG,0.955,327157,312434,JJM_API
22022,Mohla Manpur Ambagarh Chowki,CG,0.798,199862,159489,JJM_API
22023,Mungeli,CG,0.678,250784,170031,JJM_API
22024,Narayanpur,CG,0.502,143805,72190,JJM_API
22025,Raigarh,CG,0.906,282442,255892,JJM_API
22026,Raipur,CG,0.572,146429,83757,JJM_API
22027,Rajnandgaon,CG,0.559,191728,107175,JJM_API
22028,Sakti,CG,0.625,224901,140563,JJM_API
22029,Sarangarh Bilaigarh,CG,0.848,247194,209620,JJM_API
22030,Sukma,CG,0.594,279033,165745,JJM_API
22031,Surajpur,CG,0.802,264547,212166,JJM_API
22032,Surguja,CG,0.471,265465,125034,JJM_API
22033,Khairagarh Chhuikhadan Gandai,CG,0.83,197434,163870,JJM_API
30001,North Goa,GA,0.482,278949,134453,JJM_API
30002,South Goa,GA,0.865,367390,317792,JJM_API
24001,Ahmedabad,GJ,0.788,263945,207988,JJM_API
24002,Amreli,GJ,0.54,109210,58973,JJM_API
24003,Anand,GJ,0.441,280866,123861,JJM_API
24004,Aravalli,GJ,0.47,334953,157427,JJM_API
24005,Banaskantha,GJ,0.527,357334,188315,JJM_API
24006,Bharuch,GJ,0.539,310270,167235,JJM_API
24007,Bhavnagar,GJ,0.705,116554,82170,JJM_API
24008,Botad,GJ,0.952,204923,195086,JJM_API
24009,Chhota Udaipur,GJ,0.934,299749,279965,JJM_API
24010,Dahod,GJ,0.805,289279,232869,JJM_API
24011,Dang,GJ,0.823,227635,187343,JJM_API
24012,Devbhumi Dwarka,GJ,0.926,189796,175751,JJM_API
24013,Gandhinagar,GJ,0.763,317617,242341,JJM_API
24014,Gir Somnath,GJ,0.789,261859,206606,JJM_API
24015,Jamnagar,GJ,0.84,326815,274524,JJM_API
24016,Junagadh,GJ,0.565,330102,186507,JJM_API
24017,Kheda,GJ,0.588,143640,84460,JJM_API
24018,Kutch,GJ,0.43,133522,57414,JJM_API
24019,Mahisagar,GJ,0.931,180178,167745,JJM_API
24020,Mehsana,GJ,0.433,321141,139054,JJM_API
24021,Morbi,GJ,0.479,211264,101195,JJM_API
24022,Narmada,GJ,0.931,350764,326561,JJM_API
24023,Navsari,GJ,0.611,212857,130055,JJM_API
24024,Panchmahal,GJ,0.917,209248,191880,JJM_API
24025,Patan,GJ,0.814,158831,129288,JJM_API
24026,Porbandar,GJ,0.467,96503,45066,JJM_API
24027,Rajkot,GJ,0.971,309038,300075,JJM_API
24028,Sabarkantha,GJ,0.827,328897,271997,JJM_API
24029,Surat,GJ,0.903,318723,287806,JJM_API
24030,Surendranagar,GJ,0.907,246400,223484,JJM_API
24031,Tapi,GJ,0.797,164932,131450,JJM_API
24032,Vadodara,GJ,0.778,180568,140481,JJM_API
24033,Valsad,GJ,0.461,177317,81743,JJM_API
6001,Ambala,HR,0.644,343501,221214,JJM_API
6002,Bhiwani,HR,0.7,376979,263885,JJM_API
6003,Charkhi Dadri,HR,0.88,189904,167115,JJM_API
6004,Faridabad,HR,0.512,108756,55683,JJM_API
6005,Fatehabad,HR,0.771,163017,125686,JJM_API
6006,Gurugram,HR,0.444,290752,129093,JJM_API
6007,Hisar,HR,0.676,212519,143662,JJM_API
6008,Jhajjar,HR,0.559,175490,98098,JJM_API
6009,Jind,HR,0.511,201111,102767,JJM_API
6010,Kaithal,HR,0.917,274990,252165,JJM_API
6011,Karnal,HR,0.683,163354,111570,JJM_API
6012,Kurukshetra,HR,0.655,103415,67736,JJM_API
6013,Mahendragarh,HR,0.766,208957,160061,JJM_API
6014,Nuh,HR,0.507,107982,54746,JJM_API
6015,Palwal,HR,0.858,187228,160641,JJM_API
6016,Panchkula,HR,0.512,182454,93416,JJM_API
6017,Panipat,HR,0.59,207586,122475,JJM_API
6018,Rewari,HR,0.43,315576,135697,JJM_API
6019,Rohtak,HR,0.617,329873,203531,JJM_API
6020,Sirsa,HR,0.848,108165,91723,JJM_API
6021,Sonipat,HR,0.935,156389,146223,JJM_API
6022,Yamunanagar,HR,0.811,287826,233426,JJM_API
2001,Bilaspur,HP,0.921,220870,203421,JJM_API
2002,Chamba,HP,0.844,251855,212565,JJM_API
2003,Hamirpur,HP,0.533,259657,138397,JJM_API
2004,Kangra,HP,0.74,275562,203915,JJM_API
2005,Kinnaur,HP,0.907,284315,257873,JJM_API
2006,Kullu,HP,0.891,188153,167644,JJM_API
2007,Lahaul and Spiti,HP,0.772,210648,162620,JJM_API
2008,Mandi,HP,0.564,128572,72514,JJM_API
2009,Shimla,HP,0.796,122094,97186,JJM_API
2010,Sirmaur,HP,0.903,152364,137584,JJM_API
2011,Solan,HP,0.72,209689,150976,JJM_API
2012,Una,HP,0.704,220731,155394,JJM_API
20001,Bokaro,JH,0.805,397160,319713,JJM_API
20002,Chatra,JH,0.883,195291,172441,JJM_API
20003,Deoghar,JH,0.805,300458,241868,JJM_API
20004,Dhanbad,JH,0.494,255249,126093,JJM_API
20005,Dumka,JH,0.44,320467,141005,JJM_API
20006,East Singhbhum,JH,0.799,105707,84459,JJM_API
20007,Garhwa,JH,0.867,358195,310555,JJM_API
20008,Giridih,JH,0.57,147066,83827,JJM_API
20009,Godda,JH,0.934,217510,203154,JJM_API
20010,Gumla,JH,0.908,239806,217743,JJM_API
20011,Hazaribagh,JH,0.892,179945,160510,JJM_API
20012,Jamtara,JH,0.644,276155,177843,JJM_API
20013,Khunti,JH,0.493,238219,117441,JJM_API
20014,Koderma,JH,0.438,104399,45726,JJM_API
20015,Latehar,JH,0.479,302845,145062,JJM_API
20016,Lohardaga,JH,0.656,328660,215600,JJM_API
20017,Pakur,JH,0.655,139438,91331,JJM_API
20018,Palamu,JH,0.579,256552,148543,JJM_API
20019,Ramgarh,JH,0.893,232075,207242,JJM_API
20020,Ranchi,JH,0.776,234591,182042,JJM_API
20021,Sahebganj,JH,0.585,165865,97031,JJM_API
20022,Seraikela Kharsawan,JH,0.47,297158,139664,JJM_API
20023,Simdega,JH,0.521,239973,125025,JJM_API
20024,West Singhbhum,JH,0.522,117285,61222,JJM_API
29001,Bagalkote,KA,0.785,101465,79650,JJM_API
29002,Ballari,KA,0.891,200526,178668,JJM_API
29003,Belagavi,KA,0.422,274017,115635,JJM_API
29004,Bengaluru Rural,KA,0.801,248005,198652,JJM_API
29005,Bengaluru Urban,KA,0.943,53323,50283,JJM_API
29006,Bidar,KA,0.718,285190,204766,JJM_API
29007,Chamarajanagara,KA,0.854,230775,197081,JJM_API
29008,Chikkaballapura,KA,0.865,195668,169252,JJM_API
29009,Chikkamagaluru,KA,0.916,205579,188310,JJM_API
29010,Chitradurga,KA,0.511,228633,116831,JJM_API
29011,Dakshina Kannada,KA,0.518,321780,166682,JJM_API
29012,Davanagere,KA,0.718,280259,201225,JJM_API
29013,Dharwad,KA,0.52,241283,125467,JJM_API
29014,Gadag,KA,0.673,252188,169722,JJM_API
29015,Hassan,KA,0.931,361191,336268,JJM_API
29016,Haveri,KA,0.672,222137,149276,JJM_API
29017,Kalaburagi,KA,0.456,327840,149495,JJM_API
29018,Kodagu,KA,0.638,223184,142391,JJM_API
29019,Kolar,KA,0.639,124137,79323,JJM_API
29020,Koppal,KA,0.65,345617,224651,JJM_API
29021,Mandya,KA,0.49,210216,103005,JJM_API
29022,Mysuru,KA,0.436,188115,82018,JJM_API
29023,Raichur,KA,0.784,289149,226692,JJM_API
29024,Ramanagara,KA,0.706,308504,217803,JJM_API
29025,Shivamogga,KA,0.84,211149,177365,JJM_API
29026,Tumakuru,KA,0.594,301946,179355,JJM_API
29027,Udupi,KA,0.564,381429,215125,JJM_API
29028,Uttara Kannada,KA,0.852,137149,116850,JJM_API
29029,Vijayapura,KA,0.815,130466,106329,JJM_API
29030,Yadgir,KA,0.853,301424,257114,JJM_API
29031,Vijayanagara,KA,0.551,119986,66112,JJM_API
32001,Alappuzha,KL,0.872,226521,197526,JJM_API
32002,Ernakulam,KL,0.615,379979,233687,JJM_API
32003,Idukki,KL,0.479,265945,127387,JJM_API
32004,Kannur,KL,0.873,358475,312948,JJM_API
32005,Kasaragod,KL,0.501,298339,149467,JJM_API
32006,Kollam,KL,0.937,296509,277828,JJM_API
32007,Kottayam,KL,0.497,304515,151343,JJM_API
32008,Kozhikode,KL,0.555,281537,156253,JJM_API
32009,Malappuram,KL,0.587,199865,117320,JJM_API
32010,Palakkad,KL,0.785,106971,83972,JJM_API
32011,Pathanamthitta,KL,0.499,238318,118920,JJM_API
32012,Thiruvananthapuram,KL,0.88,312341,274860,JJM_API
32013,Thrissur,KL,0.615,285649,175674,JJM_API
32014,Wayanad,KL,0.816,342915,279818,JJM_API
23001,Agar Malwa,MP,0.689,280984,193597,JJM_API
23002,Alirajpur,MP,0.953,299274,285208,JJM_API
23003,Anuppur,MP,0.423,220165,93129,JJM_API
23004,Ashoknagar,MP,0.526,229493,120713,JJM_API
23005,Balaghat,MP,0.8,97386,77908,JJM_API
23006,Barwani,MP,0.975,298248,290791,JJM_API
23007,Betul,MP,0.524,316189,165683,JJM_API
23008,Bhind,MP,0.767,336745,258283,JJM_API
23009,Bhopal,MP,0.835,200004,167003,JJM_API
23010,Burhanpur,MP,0.948,242306,229706,JJM_API
23011,Chhatarpur,MP,0.48,377566,181231,JJM_API
23012,Chhindwara,MP,0.878,290996,255494,JJM_API
23013,Damoh,MP,0.898,400027,359224,JJM_API
23014,Datia,MP,0.695,176252,122495,JJM_API
23015,Dewas,MP,0.903,247216,223236,JJM_API
23016,Dhar,MP,0.718,346534,248811,JJM_API
23017,Dindori,MP,0.838,314845,263840,JJM_API
23018,Guna,MP,0.581,194513,113012,JJM_API
23019,Gwalior,MP,0.877,165651,145275,JJM_API
23020,Harda,MP,0.446,163066,72727,JJM_API
23021,Hoshangabad,MP,0.915,159030,145512,JJM_API
23022,Indore,MP,0.726,344077,249799,JJM_API
23023,Jabalpur,MP,0.893,221494,197794,JJM_API
23024,Jhabua,MP,0.934,306254,286041,JJM_API
23025,Katni,MP,0.776,109640,85080,JJM_API
23026,Khandwa,MP,0.464,325210,150897,JJM_API
23027,Khargone,MP,0.757,114552,86715,JJM_API
23028,Mandla,MP,0.775,283141,219434,JJM_API
23029,Mandsaur,MP,0.424,283953,120396,JJM_API
23030,Morena,MP,0.492,169285,83288,JJM_API
23031,Narsinghpur,MP,0.971,327584,318084,JJM_API
23032,Neemuch,MP,0.476,139345,66328,JJM_API
23033,Niwari,MP,0.846,206649,174825,JJM_API
23034,Panna,MP,0.954,197778,188680,JJM_API
23035,Raisen,MP,0.788,174610,137592,JJM_API
23036,Rajgarh,MP,0.975,221761,216216,JJM_API
23037,Ratlam,MP,0.763,178112,135899,JJM_API
23038,Rewa,MP,0.568,110879,62979,JJM_API
23039,Sagar,MP,0.809,319593,258550,JJM_API
23040,Satna,MP,0.953,181060,172550,JJM_API
23041,Sehore,MP,0.71,212488,150866,JJM_API
23042,Seoni,MP,0.834,206727,172410,JJM_API
23043,Shahdol,MP,0.843,111237,93772,JJM_API
23044,Shajapur,MP,0.743,256182,190343,JJM_API
23045,Sheopur,MP,0.582,305869,178015,JJM_API
23046,Shivpuri,MP,0.819,208395,170675,JJM_API
23047,Sidhi,MP,0.726,236615,171782,JJM_API
23048,Singrauli,MP,0.646,305786,197537,JJM_API
23049,Tikamgarh,MP,0.871,194070,169034,JJM_API
23050,Ujjain,MP,0.706,155199,109570,JJM_API
23051,Umaria,MP,0.62,244262,151442,JJM_API
23052,Vidisha,MP,0.615,283216,174177,JJM_API
23053,Mauganj,MP,0.6,291666,174999,JJM_API
23054,Maihar,MP,0.698,119660,83522,JJM_API
23055,Pandhurna,MP,0.742,307653,228278,JJM_API
27001,Ahmednagar,MH,0.614,261948,160836,JJM_API
27002,Akola,MH,0.813,206535,167912,JJM_API
27003,Amravati,MH,0.493,327977,161692,JJM_API
27004,Chhatrapati Sambhajinagar,MH,0.591,481846,284770,JJM_API
27005,Beed,MH,0.409,402370,164569,JJM_API
27006,Bhandara,MH,0.958,542982,520176,JJM_API
27007,Buldhana,MH,0.777,482181,374654,JJM_API
27008,Chandrapur,MH,0.429,597863,256483,JJM_API
27009,Dhule,MH,0.479,402016,192565,JJM_API
27010,Gadchiroli,MH,0.571,593107,338664,JJM_API
27011,Gondia,MH,0.759,310224,235460,JJM_API
27012,Hingoli,MH,0.81,594235,481330,JJM_API
27013,Jalgaon,MH,0.599,327885,196403,JJM_API
27014,Jalna,MH,0.339,353121,119708,JJM_API
27015,Kolhapur,MH,0.821,560320,460022,JJM_API
27016,Latur,MH,0.433,291828,126361,JJM_API
27017,Mumbai City,MH,0.691,211800,146353,JJM_API
27018,Mumbai Suburban,MH,0.757,53884,40790,JJM_API
27019,Nagpur,MH,0.952,300671,286238,JJM_API
27020,Nanded,MH,0.434,478614,207718,JJM_API
27021,Nandurbar,MH,0.533,433920,231279,JJM_API
27022,Nashik,MH,0.473,500911,236930,JJM_API
27023,Dharashiv,MH,0.377,555958,209596,JJM_API
27024,Palghar,MH,0.713,344799,245841,JJM_API
27025,Parbhani,MH,0.473,184034,87048,JJM_API
27026,Pune,MH,0.742,500467,371346,JJM_API
27027,Raigad,MH,0.595,248509,147862,JJM_API
27028,Ratnagiri,MH,0.53,629760,333772,JJM_API
27029,Sangli,MH,0.627,304999,191234,JJM_API
27030,Satara,MH,0.456,438360,199892,JJM_API
27031,Sindhudurg,MH,0.542,298043,161539,JJM_API
27032,Solapur,MH,0.441,496346,218888,JJM_API
27033,Thane,MH,0.813,552246,448975,JJM_API
27034,Wardha,MH,0.48,337602,162048,JJM_API
27035,Washim,MH,0.664,263700,175096,JJM_API
27036,Yavatmal,MH,0.435,488738,212601,JJM_API
14001,Bishnupur,MN,0.614,142633,87576,JJM_API
14002,Chandel,MN,0.504,190777,96151,JJM_API
14003,Churachandpur,MN,0.834,191298,159542,JJM_API
14004,Imphal East,MN,0.523,285526,149330,JJM_API
14005,Imphal West,MN,0.858,256012,219658,JJM_API
14006,Jiribam,MN,0.438,333889,146243,JJM_API
14007,Kakching,MN,0.538,239467,128833,JJM_API
14008,Kamjong,MN,0.422,211853,89401,JJM_API
14009,Kangpokpi,MN,0.896,118844,106484,JJM_API
14010,Noney,MN,0.906,263962,239149,JJM_API
14011,Pherzawl,MN,0.824,124621,102687,JJM_API
14012,Senapati,MN,0.775,222891,172740,JJM_API
14013,Tamenglong,MN,0.908,244027,221576,JJM_API
14014,Tengnoupal,MN,0.959,110204,105685,JJM_API
14015,Thoubal,MN,0.475,170482,80978,JJM_API
14016,Ukhrul,MN,0.579,236968,137204,JJM_API
17001,East Garo Hills,ML,0.849,24768,21028,JJM_API
17002,East Jaintia Hills,ML,0.735,31492,23146,JJM_API
17003,East Khasi Hills,ML,0.953,26944,25677,JJM_API
17004,Eastern West Khasi Hills,ML,0.732,52077,38120,JJM_API
17005,North Garo Hills,ML,0.629,42472,26714,JJM_API
17006,Ri Bhoi,ML,0.461,30101,13876,JJM_API
17007,South Garo Hills,ML,0.719,51599,37099,JJM_API
17008,South West Garo Hills,ML,0.751,23578,17707,JJM_API
17009,South West Khasi Hills,ML,0.548,14176,7768,JJM_API
17010,West Garo Hills,ML,0.624,39175,24445,JJM_API
17011,West Jaintia Hills,ML,0.667,48742,32510,JJM_API
17012,West Khasi Hills,ML,0.794,14182,11260,JJM_API
15001,Aizawl,MZ,0.674,33237,22401,JJM_API
15002,Champhai,MZ,0.664,14106,9366,JJM_API
15003,Hnahthial,MZ,0.892,35422,31596,JJM_API
15004,Khawzawl,MZ,0.639,11916,7614,JJM_API
15005,Kolasib,MZ,0.913,42254,38577,JJM_API
15006,Lawngtlai,MZ,0.927,43241,40084,JJM_API
15007,Lunglei,MZ,0.877,14934,13097,JJM_API
15008,Mamit,MZ,0.677,34909,23633,JJM_API
15009,Saiha,MZ,0.616,51804,31911,JJM_API
15010,Saitual,MZ,0.764,36907,28196,JJM_API
15011,Serchhip,MZ,0.838,22376,18751,JJM_API
13001,Chumoukedima,NL,0.681,27607,18800,JJM_API
13002,Dimapur,NL,0.605,20043,12126,JJM_API
13003,Kiphire,NL,0.871,52766,45959,JJM_API
13004,Kohima,NL,0.868,6822,5921,JJM_API
13005,Longleng,NL,0.75,17937,13452,JJM_API
13006,Mokokchung,NL,0.735,51882,38133,JJM_API
13007,Mon,NL,0.517,25273,13066,JJM_API
13008,Niuland,NL,0.938,58597,54963,JJM_API
13009,Noklak,NL,0.562,6651,3737,JJM_API
13010,Peren,NL,0.532,44425,23634,JJM_API
13011,Phek,NL,0.633,31321,19826,JJM_API
13012,Shamator,NL,0.85,15852,13474,JJM_API
13013,Tseminyu,NL,0.914,17598,16084,JJM_API
13014,Tuensang,NL,0.924,26557,24538,JJM_API
13015,Wokha,NL,0.742,19848,14727,JJM_API
13016,Zunheboto,NL,0.686,23468,16099,JJM_API
21001,Angul,OD,0.941,219665,206704,JJM_API
21002,Balangir,OD,0.625,333912,208695,JJM_API
21003,Balasore,OD,0.81,190213,154072,JJM_API
21004,Bargarh,OD,0.425,189707,80625,JJM_API
21005,Bhadrak,OD,0.759,123662,93859,JJM_API
21006,Boudh,OD,0.717,272090,195088,JJM_API
21007,Cuttack,OD,0.7,197975,138582,JJM_API
21008,Deogarh,OD,0.505,267152,134911,JJM_API
21009,Dhenkanal,OD,0.695,273164,189848,JJM_API
21010,Gajapati,OD,0.925,273551,253034,JJM_API
21011,Ganjam,OD,0.685,178202,122068,JJM_API
21012,Jagatsinghpur,OD,0.436,352521,153699,JJM_API
21013,Jajpur,OD,0.603,314606,189707,JJM_API
21014,Jharsuguda,OD,0.876,259547,227363,JJM_API
21015,Kalahandi,OD,0.537,331872,178215,JJM_API
21016,Kandhamal,OD,0.524,110579,57943,JJM_API
21017,Kendrapara,OD,0.936,294199,275370,JJM_API
21018,Kendujhar,OD,0.499,185565,92596,JJM_API
21019,Khordha,OD,0.518,239320,123967,JJM_API
21020,Koraput,OD,0.725,286851,207966,JJM_API
21021,Malkangiri,OD,0.934,262567,245237,JJM_API
21022,Mayurbhanj,OD,0.945,330256,312091,JJM_API
21023,Nabarangpur,OD,0.488,283140,138172,JJM_API
21024,Nayagarh,OD,0.952,338177,321944,JJM_API
21025,Nuapada,OD,0.459,279209,128156,JJM_API
21026,Puri,OD,0.905,344779,312024,JJM_API
21027,Rayagada,OD,0.704,107498,75678,JJM_API
21028,Sambalpur,OD,0.599,94467,56585,JJM_API
21029,Subarnapur,OD,0.857,191032,163714,JJM_API
21030,Sundargarh,OD,0.59,161261,95143,JJM_API
3001,Amritsar,PB,0.737,198887,146579,JJM_API
3002,Barnala,PB,0.63,277845,175042,JJM_API
3003,Bathinda,PB,0.498,342931,170779,JJM_API
3004,Faridkot,PB,0.516,262572,135487,JJM_API
3005,Fatehgarh Sahib,PB,0.504,220475,111119,JJM_API
3006,Fazilka,PB,0.958,206822,198135,JJM_API
3007,Ferozepur,PB,0.816,181834,148376,JJM_API
3008,Gurdaspur,PB,0.757,283489,214601,JJM_API
3009,Hoshiarpur,PB,0.675,198710,134129,JJM_API
3010,Jalandhar,PB,0.756,206356,156005,JJM_API
3011,Kapurthala,PB,0.557,264635,147401,JJM_API
3012,Ludhiana,PB,0.671,257797,172981,JJM_API
3013,Malerkotla,PB,0.543,131706,71516,JJM_API
3014,Mansa,PB,0.743,217544,161635,JJM_API
3015,Moga,PB,0.68,160982,109467,JJM_API
3016,Muktsar,PB,0.58,290027,168215,JJM_API
3017,Pathankot,PB,0.476,306677,145978,JJM_API
3018,Patiala,PB,0.621,163757,101693,JJM_API
3019,Rupnagar,PB,0.828,324627,268791,JJM_API
3020,Sahibzada Ajit Singh Nagar,PB,0.653,343776,224485,JJM_API
3021,Sangrur,PB,0.664,357272,237228,JJM_API
3022,Shahid Bhagat Singh Nagar,PB,0.569,338976,192877,JJM_API
3023,Tarn Taran,PB,0.519,209574,108768,JJM_API
8001,Ajmer,RJ,0.96,169331,162557,JJM_API
8002,Alwar,RJ,0.437,187515,81944,JJM_API
8003,Anupgarh,RJ,0.653,137032,89481,JJM_API
8004,Balotra,RJ,0.577,206638,119230,JJM_API
8005,Banswara,RJ,0.931,117361,109263,JJM_API
8006,Baran,RJ,0.466,232389,108293,JJM_API
8007,Barmer,RJ,0.93,299481,278517,JJM_API
8008,Beawar,RJ,0.822,165587,136112,JJM_API
8009,Bharatpur,RJ,0.839,205881,172734,JJM_API
8010,Bhilwara,RJ,0.482,302408,145760,JJM_API
8011,Bikaner,RJ,0.611,171100,104542,JJM_API
8012,Bundi,RJ,0.905,236505,214037,JJM_API
8013,Chittorgarh,RJ,0.687,197523,135698,JJM_API
8014,Churu,RJ,0.53,289108,153227,JJM_API
8015,Dausa,RJ,0.548,119620,65551,JJM_API
8016,Deeg,RJ,0.68,361823,246039,JJM_API
8017,Dholpur,RJ,0.727,275318,200156,JJM_API
8018,Didwana Kuchaman,RJ,0.465,123563,57456,JJM_API
8019,Dudu,RJ,0.701,234795,164591,JJM_API
8020,Dungarpur,RJ,0.729,113891,83026,JJM_API
8021,Ganganagar,RJ,0.727,287337,208893,JJM_API
8022,Gangapurcity,RJ,0.958,138143,132340,JJM_API
8023,Hanumangarh,RJ,0.703,193394,135955,JJM_API
8024,Jaipur,RJ,0.641,193519,124045,JJM_API
8025,Jaipur Rural,RJ,0.473,348045,164625,JJM_API
8026,Jaisalmer,RJ,0.639,254319,162509,JJM_API
8027,Jalore,RJ,0.563,129633,72983,JJM_API
8028,Jhalawar,RJ,0.878,121403,106591,JJM_API
8029,Jhunjhunu,RJ,0.423,173358,73330,JJM_API
8030,Jodhpur,RJ,0.975,329871,321624,JJM_API
8031,Jodhpur Rural,RJ,0.432,232099,100266,JJM_API
8032,Karauli,RJ,0.593,331840,196781,JJM_API
8033,Kekri,RJ,0.725,179044,129806,JJM_API
8034,Khairthal Tijara,RJ,0.572,230090,131611,JJM_API
8035,Kota,RJ,0.9,119365,107428,JJM_API
8036,Kotputli Behror,RJ,0.838,243611,204146,JJM_API
8037,Nagaur,RJ,0.426,237458,101157,JJM_API
8038,Neem Ka Thana,RJ,0.444,173433,77004,JJM_API
8039,Pali,RJ,0.726,140622,102091,JJM_API
8040,Phalodi,RJ,0.645,229526,148044,JJM_API
8041,Pratapgarh,RJ,0.461,293387,135251,JJM_API
8042,Rajsamand,RJ,0.783,266018,208292,JJM_API
8043,Salumbar,RJ,0.823,137822,113427,JJM_API
8044,Sanchore,RJ,0.843,169971,143285,JJM_API
8045,Sawai Madhopur,RJ,0.905,318685,288409,JJM_API
8046,Shahpura,RJ,0.734,366004,268646,JJM_API
8047,Sikar,RJ,0.552,288131,159048,JJM_API
8048,Sirohi,RJ,0.44,159057,69985,JJM_API
8049,Tonk,RJ,0.864,230363,199033,JJM_API
8050,Udaipur,RJ,0.444,311389,138256,JJM_API
11001,Gangtok,SK,0.501,52215,26159,JJM_API
11002,Gyalshing,SK,0.912,16252,14821,JJM_API
11003,Mangan,SK,0.948,38696,36683,JJM_API
11004,Namchi,SK,0.955,25137,24005,JJM_API
11005,Pakyong,SK,0.51,16672,8502,JJM_API
11006,Soreng,SK,0.745,52898,39409,JJM_API
33001,Ariyalur,TN,0.62,448073,277805,JJM_API
33002,Chengalpattu,TN,0.84,217304,182535,JJM_API
33003,Chennai,TN,0.485,33584,16288,JJM_API
33004,Coimbatore,TN,0.47,425628,200045,JJM_API
33005,Cuddalore,TN,0.698,356591,248900,JJM_API
33006,Dharmapuri,TN,0.823,351408,289208,JJM_API
33007,Dindigul,TN,0.284,525798,149326,JJM_API
33008,Erode,TN,0.73,474125,346111,JJM_API
33009,Kallakurichi,TN,0.954,326894,311856,JJM_API
33010,Kancheepuram,TN,0.464,546525,253587,JJM_API
33011,Kanniyakumari,TN,0.742,599779,445036,JJM_API
33012,Karur,TN,0.503,604426,304026,JJM_API
33013,Krishnagiri,TN,0.893,244002,217893,JJM_API
33014,Madurai,TN,0.96,282270,270979,JJM_API
33015,Mayiladuthurai,TN,0.892,369008,329155,JJM_API
33016,Nagapattinam,TN,0.862,225837,194671,JJM_API
33017,Namakkal,TN,0.434,418746,181735,JJM_API
33018,Nilgiris,TN,0.669,430275,287853,JJM_API
33019,Perambalur,TN,0.857,308386,264286,JJM_API
33020,Pudukkottai,TN,0.956,374650,358165,JJM_API
33021,Ramanathapuram,TN,0.603,613422,369893,JJM_API
33022,Ranipet,TN,0.476,614606,292552,JJM_API
33023,Salem,TN,0.596,445641,265602,JJM_API
33024,Sivaganga,TN,0.938,332786,312153,JJM_API
33025,Tenkasi,TN,0.423,578088,244531,JJM_API
33026,Thanjavur,TN,0.561,415068,232853,JJM_API
33027,Theni,TN,0.58,320249,185744,JJM_API
33028,Thoothukudi,TN,0.804,301663,242537,JJM_API
33029,Tiruchirappalli,TN,0.708,384324,272101,JJM_API
33030,Tirunelveli,TN,0.555,210356,116747,JJM_API
33031,Tirupathur,TN,0.839,518662,435157,JJM_API
33032,Tiruppur,TN,0.877,238620,209269,JJM_API
33033,Tiruvallur,TN,0.75,389949,292461,JJM_API
33034,Tiruvannamalai,TN,0.926,467395,432807,JJM_API
33035,Tiruvarur,TN,0.661,599239,396096,JJM_API
33036,Vellore,TN,0.433,432258,187167,JJM_API
33037,Viluppuram,TN,0.815,416683,339596,JJM_API
33038,Virudhunagar,TN,0.614,392478,240981,JJM_API
36001,Adilabad,TG,0.762,135675,103384,JJM_API
36002,Bhadradri Kothagudem,TG,0.762,321279,244814,JJM_API
36003,Hanamkonda,TG,0.735,353882,260103,JJM_API
36004,Hyderabad,TG,0.606,7331,4442,JJM_API
36005,Jagtial,TG,0.941,219572,206617,JJM_API
36006,Jangaon,TG,0.925,170742,157936,JJM_API
36007,Jayashankar Bhupalpally,TG,0.811,255772,207431,JJM_API
36008,Jogulamba Gadwal,TG,0.438,324331,142056,JJM_API
36009,Kamareddy,TG,0.945,97501,92138,JJM_API
36010,Karimnagar,TG,0.781,107260,83770,JJM_API
36011,Khammam,TG,0.607,147710,89659,JJM_API
36012,Kumuram Bheem Asifabad,TG,0.619,297355,184062,JJM_API
36013,Mahabubabad,TG,0.595,230114,136917,JJM_API
36014,Mahabubnagar,TG,0.458,95044,43530,JJM_API
36015,Mancherial,TG,0.688,226682,155957,JJM_API
36016,Medak,TG,0.453,197106,89289,JJM_API
36017,Medchal Malkajgiri,TG,0.809,136759,110638,JJM_API
36018,Mulugu,TG,0.802,296503,237795,JJM_API
36019,Nagarkurnool,TG,0.963,232777,224164,JJM_API
36020,Nalgonda,TG,0.514,309181,158919,JJM_API
36021,Narayanpet,TG,0.778,327974,255163,JJM_API
36022,Nirmal,TG,0.7,125264,87684,JJM_API
36023,Nizamabad,TG,0.661,181221,119787,JJM_API
36024,Peddapalli,TG,0.973,151042,146963,JJM_API
36025,Rajanna Sircilla,TG,0.946,354134,335010,JJM_API
36026,Ranga Reddy,TG,0.807,233455,188398,JJM_API
36027,Sangareddy,TG,0.691,205894,142272,JJM_API
36028,Siddipet,TG,0.757,201030,152179,JJM_API
36029,Suryapet,TG,0.546,265296,144851,JJM_API
36030,Vikarabad,TG,0.815,251626,205075,JJM_API
36031,Wanaparthy,TG,0.506,273051,138163,JJM_API
36032,Warangal,TG,0.795,239404,190326,JJM_API
36033,Yadadri Bhuvanagiri,TG,0.468,185370,86753,JJM_API
16001,Dhalai,TR,0.504,263573,132840,JJM_API
16002,Gomati,TR,0.783,281398,220334,JJM_API
16003,Khowai,TR,0.735,235195,172868,JJM_API
16004,North Tripura,TR,0.532,176203,93739,JJM_API
16005,Sepahijala,TR,0.768,221247,169917,JJM_API
16006,South Tripura,TR,0.547,197131,107830,JJM_API
16007,Unakoti,TR,0.807,155365,125379,JJM_API
16008,West Tripura,TR,0.496,240744,119409,JJM_API
9001,Agra,UP,0.628,397146,249407,JJM_API
9002,Aligarh,UP,0.739,180610,133470,JJM_API
9003,Ambedkar Nagar,UP,0.531,369732,196327,JJM_API
9004,Amethi,UP,0.923,309735,285885,JJM_API
9005,Amroha,UP,0.584,177357,103576,JJM_API
9006,Auraiya,UP,0.772,507741,391976,JJM_API
9007,Ayodhya,UP,0.81,284468,230419,JJM_API
9008,Azamgarh,UP,0.839,264029,221520,JJM_API
9009,Baghpat,UP,0.427,191652,81835,JJM_API
9010,Bahraich,UP,0.738,556222,410491,JJM_API
9011,Ballia,UP,0.792,350890,277904,JJM_API
9012,Balrampur,UP,0.791,288570,228258,JJM_API
9013,Banda,UP,0.855,515126,440432,JJM_API
9014,Barabanki,UP,0.47,249204,117125,JJM_API
9015,Bareilly,UP,0.6,302587,181552,JJM_API
9016,Basti,UP,0.761,309897,235831,JJM_API
9017,Bhadohi,UP,0.797,575753,458875,JJM_API
9018,Bijnor,UP,0.768,554638,425961,JJM_API
9019,Budaun,UP,0.601,484000,290884,JJM_API
9020,Bulandshahr,UP,0.592,494708,292867,JJM_API
9021,Chandauli,UP,0.791,587906,465033,JJM_API
9022,Chitrakoot,UP,0.729,510396,372078,JJM_API
9023,Deoria,UP,0.566,279683,158300,JJM_API
9024,Etah,UP,0.64,419426,268432,JJM_API
9025,Etawah,UP,0.565,319299,180403,JJM_API
9026,Farrukhabad,UP,0.94,207381,194938,JJM_API
9027,Fatehpur,UP,0.451,307179,138537,JJM_API
9028,Firozabad,UP,0.607,566254,343716,JJM_API
9029,Gautam Buddha Nagar,UP,0.522,185032,96586,JJM_API
9030,Ghaziabad,UP,0.749,660567,494764,JJM_API
9031,Ghazipur,UP,0.575,488153,280687,JJM_API
9032,Gonda,UP,0.879,521700,458574,JJM_API
9033,Gorakhpur,UP,0.484,350819,169796,JJM_API
9034,Hamirpur,UP,0.837,486375,407095,JJM_API
9035,Hapur,UP,0.867,377515,327305,JJM_API
9036,Hardoi,UP,0.966,384855,371769,JJM_API
9037,Hathras,UP,0.978,348453,340787,JJM_API
9038,Jalaun,UP,0.421,251227,105766,JJM_API
9039,Jaunpur,UP,0.72,619510,446047,JJM_API
9040,Jhansi,UP,0.534,282076,150628,JJM_API
9041,Kannauj,UP,0.642,586287,376396,JJM_API
9042,Kanpur Dehat,UP,0.768,357622,274653,JJM_API
9043,Kanpur Nagar,UP,0.528,301518,159201,JJM_API
9044,Kasganj,UP,0.556,188346,104720,JJM_API
9045,Kaushambi,UP,0.979,447364,437969,JJM_API
9046,Kheri,UP,0.572,219857,125758,JJM_API
9047,Kushinagar,UP,0.794,588711,467436,JJM_API
9048,Lalitpur,UP,0.88,504954,444359,JJM_API
9049,Lucknow,UP,0.702,381927,268112,JJM_API
9050,Maharajganj,UP,0.422,414509,174922,JJM_API
9051,Mahoba,UP,0.974,521281,507727,JJM_API
9052,Mainpuri,UP,0.959,605202,580388,JJM_API
9053,Mathura,UP,0.93,263454,245012,JJM_API
9054,Mau,UP,0.976,323837,316064,JJM_API
9055,Meerut,UP,0.532,355530,189141,JJM_API
9056,Mirzapur,UP,0.634,346920,219947,JJM_API
9057,Moradabad,UP,0.944,303918,286898,JJM_API
9058,Muzaffarnagar,UP,0.49,288172,141204,JJM_API
9059,Pilibhit,UP,0.726,269973,196000,JJM_API
9060,Pratapgarh,UP,0.53,296801,157304,JJM_API
9061,Prayagraj,UP,0.872,614258,535632,JJM_API
9062,Raebareli,UP,0.88,240313,211475,JJM_API
9063,Rampur,UP,0.967,256141,247688,JJM_API
9064,Saharanpur,UP,0.795,422022,335507,JJM_API
9065,Sambhal,UP,0.47,363999,171079,JJM_API
9066,Sant Kabir Nagar,UP,0.834,612768,511048,JJM_API
9067,Shahjahanpur,UP,0.565,349715,197588,JJM_API
9068,Shamli,UP,0.51,402261,205153,JJM_API
9069,Shrawasti,UP,0.968,343113,332133,JJM_API
9070,Siddharthnagar,UP,0.501,442164,221524,JJM_API
9071,Sitapur,UP,0.565,617964,349149,JJM_API
9072,Sonbhadra,UP,0.555,398196,220998,JJM_API
9073,Sultanpur,UP,0.57,248689,141752,JJM_API
9074,Unnao,UP,0.936,210927,197427,JJM_API
9075,Varanasi,UP,0.685,478580,327827,JJM_API
5001,Almora,UK,0.453,164455,74498,JJM_API
5002,Bageshwar,UK,0.736,256378,188694,JJM_API
5003,Chamoli,UK,0.484,165792,80243,JJM_API
5004,Champawat,UK,0.489,230660,112792,JJM_API
5005,Dehradun,UK,0.925,200688,185636,JJM_API
5006,Haridwar,UK,0.79,208060,164367,JJM_API
5007,Nainital,UK,0.902,267830,241582,JJM_API
5008,Pauri Garhwal,UK,0.513,329593,169081,JJM_API
5009,Pithoragarh,UK,0.833,316035,263257,JJM_API
5010,Rudraprayag,UK,0.753,313080,235749,JJM_API
5011,Tehri Garhwal,UK,0.495,132646,65659,JJM_API
5012,Udham Singh Nagar,UK,0.517,284272,146968,JJM_API
5013,Uttarkashi,UK,0.623,304150,189485,JJM_API
19001,Alipurduar,WB,0.852,269986,230028,JJM_API
19002,Bankura,WB,0.754,525480,396211,JJM_API
19003,Birbhum,WB,0.449,335294,150547,JJM_API
19004,Cooch Behar,WB,0.743,492953,366264,JJM_API
19005,Dakshin Dinajpur,WB,0.727,284509,206838,JJM_API
19006,Darjeeling,WB,0.973,322229,313528,JJM_API
19007,Hooghly,WB,0.686,231020,158479,JJM_API
19008,Howrah,WB,0.805,556411,447910,JJM_API
19009,Jalpaiguri,WB,0.789,340963,269019,JJM_API
19010,Jhargram,WB,0.925,465369,430466,JJM_API
19011,Kalimpong,WB,0.603,475756,286880,JJM_API
19012,Kolkata,WB,0.676,23985,16213,JJM_API
19013,Malda,WB,0.47,350796,164874,JJM_API
19014,Murshidabad,WB,0.856,440498,377066,JJM_API
19015,Nadia,WB,0.629,644235,405223,JJM_API
19016,North 24 Parganas,WB,0.749,686922,514504,JJM_API
19017,Paschim Bardhaman,WB,0.507,313050,158716,JJM_API
19018,Paschim Medinipur,WB,0.683,587071,400969,JJM_API
19019,Purba Bardhaman,WB,0.946,269140,254606,JJM_API
19020,Purba Medinipur,WB,0.564,425658,240071,JJM_API
19021,Purulia,WB,0.677,598243,405010,JJM_API
19022,South 24 Parganas,WB,0.898,520506,467414,JJM_API
19023,Uttar Dinajpur,WB,0.446,585358,261069,JJM_API
35001,Nicobars,AN,0.772,8761,6763,JJM_API
35002,North and Middle Andaman,AN,0.444,56022,24873,JJM_API
35003,South Andaman,AN,0.524,30745,16110,JJM_API
4001,Chandigarh,CH,0.881,339285,298910,JJM_API
26001,Dadra and Nagar Haveli,DD,0.64,205393,131451,JJM_API
26002,Daman,DD,0.738,270838,199878,JJM_API
26003,Diu,DD,0.471,315964,148819,JJM_API
7001,Central Delhi,DL,0.671,7932,5322,JJM_API
7002,East Delhi,DL,0.557,245452,136716,JJM_API
7003,New Delhi,DL,0.73,217765,158968,JJM_API
7004,North Delhi,DL,0.807,278045,224382,JJM_API
7005,North East Delhi,DL,0.497,289336,143799,JJM_API
7006,North West Delhi,DL,0.601,197958,118972,JJM_API
7007,Shahdara,DL,0.436,276725,120652,JJM_API
7008,South Delhi,DL,0.939,325024,305197,JJM_API
7009,South East Delhi,DL,0.89,196573,174949,JJM_API
7010,South West Delhi,DL,0.871,194248,169190,JJM_API
7011,West Delhi,DL,0.456,269747,123004,JJM_API
1001,Anantnag,JK,0.709,292757,207564,JJM_API
1002,Bandipora,JK,0.95,325627,309345,JJM_API
1003,Baramulla,JK,0.942,203805,191984,JJM_API
1004,Budgam,JK,0.545,109979,59938,JJM_API
1005,Doda,JK,0.841,226679,190637,JJM_API
1006,Ganderbal,JK,0.577,125541,72437,JJM_API
1007,Jammu,JK,0.909,286400,260337,JJM_API
1008,Kathua,JK,0.628,216058,135684,JJM_API
1009,Kishtwar,JK,0.8,295256,236204,JJM_API
1010,Kulgam,JK,0.708,275946,195369,JJM_API
1011,Kupwara,JK,0.774,276731,214189,JJM_API
1012,Poonch,JK,0.637,251130,159969,JJM_API
1013,Pulwama,JK,0.476,350331,166757,JJM_API
1014,Rajouri,JK,0.968,288839,279596,JJM_API
1015,Ramban,JK,0.434,236793,102768,JJM_API
1016,Reasi,JK,0.818,219852,179838,JJM_API
1017,Samba,JK,0.613,337737,207032,JJM_API
1018,Shopian,JK,0.815,319203,260150,JJM_API
1019,Srinagar,JK,0.631,275017,173535,JJM_API
1020,Udhampur,JK,0.766,322023,246669,JJM_API
37001,Kargil,LA,0.832,27631,22988,JJM_API
37002,Leh,LA,0.91,26526,24138,JJM_API
31001,Lakshadweep,LD,0.582,48349,28139,JJM_API
34001,Karaikal,PY,0.474,154506,73235,JJM_API
34002,Mahe,PY,0.93,141453,131551,JJM_API
34003,Puducherry,PY,0.493,135853,66975,JJM_API
34004,Yanam,PY,0.59,173136,102150,JJM_API
