lgd_code,district_name,state_code,composite_score,rank,aspirational_flag,source_tag
18001,Baksa,AS,60.5,84,1,NITI_AAYOG
18002,Barpeta,AS,58.4,95,1,NITI_AAYOG
18008,Darrang,AS,58.7,93,1,NITI_AAYOG
18010,Dhubri,AS,55.1,104,1,NITI_AAYOG
18015,Hailakandi,AS,61.9,80,1,NITI_AAYOG
18032,Udalguri,AS,59.1,88,1,NITI_AAYOG
10004,Banka,BR,62.0,79,1,NITI_AAYOG
10011,Gaya,BR,63.5,68,1,NITI_AAYOG
10023,Muzaffarpur,BR,65.4,58,1,NITI_AAYOG
10025,Nawada,BR,61.2,83,1,NITI_AAYOG
10034,Sitamarhi,BR,59.0,90,1,NITI_AAYOG
22003,Balrampur,CG,53.4,109,1,NITI_AAYOG
22004,Bastar,CG,56.8,100,1,NITI_AAYOG
22006,Bijapur,CG,51.2,111,1,NITI_AAYOG
22008,Dantewada,CG,54.0,107,1,NITI_AAYOG
22016,Kanker,CG,60.1,85,1,NITI_AAYOG
22030,Sukma,CG,49.8,112,1,NITI_AAYOG
20005,Dumka,JH,57.1,99,1,NITI_AAYOG
20017,Pakur,JH,51.8,110,1,NITI_AAYOG
20021,Sahebganj,JH,53.9,106,1,NITI_AAYOG
20023,Simdega,JH,58.9,91,1,NITI_AAYOG
20024,West Singhbhum,JH,55.0,105,1,NITI_AAYOG
29023,Raichur,KA,61.5,82,1,NITI_AAYOG
29030,Yadgir,KA,56.4,101,1,NITI_AAYOG
27005,Beed,MH,62.3,78,1,NITI_AAYOG
27010,Gadchiroli,MH,59.8,87,1,NITI_AAYOG
27021,Nandurbar,MH,56.2,102,1,NITI_AAYOG
27023,Dharashiv,MH,63.8,65,1,NITI_AAYOG
27035,Washim,MH,64.5,60,1,NITI_AAYOG
21015,Kalahandi,OD,57.8,98,1,NITI_AAYOG
21016,Kandhamal,OD,59.3,89,1,NITI_AAYOG
21021,Malkangiri,OD,52.9,109,1,NITI_AAYOG
21023,Nabarangpur,OD,53.1,108,1,NITI_AAYOG
21025,Nuapada,OD,56.5,101,1,NITI_AAYOG
21027,Rayagada,OD,54.8,106,1,NITI_AAYOG
8006,Baran,RJ,63.2,70,1,NITI_AAYOG
8017,Dholpur,RJ,65.1,59,1,NITI_AAYOG
8026,Jaisalmer,RJ,54.2,108,1,NITI_AAYOG
8032,Karauli,RJ,64.2,63,1,NITI_AAYOG
8048,Sirohi,RJ,62.8,73,1,NITI_AAYOG
33007,Dindigul,TN,74.2,12,1,NITI_AAYOG
9010,Bahraich,UP,52.3,110,1,NITI_AAYOG
9012,Balrampur,UP,53.4,109,1,NITI_AAYOG
9021,Chandauli,UP,67.1,52,1,NITI_AAYOG
9069,Shrawasti,UP,50.1,112,1,NITI_AAYOG
9070,Siddharthnagar,UP,55.6,103,1,NITI_AAYOG
9072,Sonbhadra,UP,58.2,92,1,NITI_AAYOG
9075,Varanasi,UP,68.5,45,1,NITI_AAYOG
