lgd_code,district_name,state_code,pmgsy_road_connected,total_habitations,connected_habitations,source_tag
28001,Alluri Sitharama Raju,AP,0.736,1855,1365,PMGSY_API
28002,Anakapalli,AP,0.915,3243,2967,PMGSY_API
28003,Ananthapuramu,AP,0.921,1626,1497,PMGSY_API
28004,Annamayya,AP,0.736,1566,1152,PMGSY_API
28005,Bapatla,AP,0.893,2976,2657,PMGSY_API
28006,Chittoor,AP,0.846,2864,2422,PMGSY_API
28007,Dr. B.R. Ambedkar Konaseema,AP,0.731,2077,1518,PMGSY_API
28008,East Godavari,AP,0.947,1600,1515,PMGSY_API
28009,Eluru,AP,0.964,1476,1422,PMGSY_API
28010,Guntur,AP,0.743,2574,1912,PMGSY_API
28011,Kakinada,AP,0.665,1111,738,PMGSY_API
28012,Krishna,AP,0.907,2807,2545,PMGSY_API
28013,Kurnool,AP,0.982,2039,2002,PMGSY_API
28014,Nandyal,AP,0.842,3820,3216,PMGSY_API
28015,NTR,AP,0.675,3043,2054,PMGSY_API
28016,Palnadu,AP,0.795,4089,3250,PMGSY_API
28017,Parvathipuram Manyam,AP,0.943,2814,2653,PMGSY_API
28018,Prakasam,AP,0.742,2518,1868,PMGSY_API
28019,Srikakulam,AP,0.969,4093,3966,PMGSY_API
28020,Sri Potti Sriramulu Nellore,AP,0.637,2576,1640,PMGSY_API
28021,Sri Sathya Sai,AP,0.755,1578,1191,PMGSY_API
28022,Tirupati,AP,0.766,1514,1159,PMGSY_API
28023,Visakhapatnam,AP,0.68,2519,1712,PMGSY_API
28024,Vizianagaram,AP,0.659,3132,2063,PMGSY_API
28025,West Godavari,AP,0.75,2418,1813,PMGSY_API
28026,Y.S.R. Kadapa,AP,0.561,2795,1567,PMGSY_API
12001,Anjaw,AR,0.589,204,120,PMGSY_API
12002,Changlang,AR,0.952,305,290,PMGSY_API
12003,Dibang Valley,AR,0.746,61,45,PMGSY_API
12004,East Kameng,AR,0.613,591,362,PMGSY_API
12005,East Siang,AR,0.682,145,98,PMGSY_API
12006,Kamle,AR,0.973,350,340,PMGSY_API
12007,Kra Daadi,AR,0.947,288,272,PMGSY_API
12008,Kurung Kumey,AR,0.904,170,153,PMGSY_API
12009,Lepa Rada,AR,0.94,401,376,PMGSY_API
12010,Lohit,AR,0.643,353,226,PMGSY_API
12011,Longding,AR,0.573,78,44,PMGSY_API
12012,Lower Dibang Valley,AR,0.693,146,101,PMGSY_API
12013,Lower Siang,AR,0.795,450,357,PMGSY_API
12014,Lower Subansiri,AR,0.959,511,490,PMGSY_API
12015,Namsai,AR,0.841,158,132,PMGSY_API
12016,Pakke Kessang,AR,0.929,205,190,PMGSY_API
12017,Papum Pare,AR,0.635,379,240,PMGSY_API
12018,Shi Yomi,AR,0.705,326,229,PMGSY_API
12019,Siang,AR,0.781,437,341,PMGSY_API
12020,Tawang,AR,0.845,389,328,PMGSY_API
12021,Tirap,AR,0.889,419,372,PMGSY_API
12022,Upper Siang,AR,0.761,548,417,PMGSY_API
12023,Upper Subansiri,AR,0.954,406,387,PMGSY_API
12024,West Kameng,AR,0.705,494,348,PMGSY_API
12025,West Siang,AR,0.761,339,257,PMGSY_API
12026,Itanagar Capital Complex,AR,0.769,525,403,PMGSY_API
18001,Baksa,AS,0.613,4242,2600,PMGSY_API
18002,Barpeta,AS,0.52,2690,1398,PMGSY_API
18003,Biswanath,AS,0.562,3573,2008,PMGSY_API
18004,Bongaigaon,AS,0.684,1848,1264,PMGSY_API
18005,Cachar,AS,0.643,1366,878,PMGSY_API
18006,Charaideo,AS,0.748,2147,1605,PMGSY_API
18007,Chirang,AS,0.554,1088,602,PMGSY_API
18008,Darrang,AS,0.864,2496,2156,PMGSY_API
18009,Dhemaji,AS,0.867,3909,3389,PMGSY_API
18010,Dhubri,AS,0.555,1823,1011,PMGSY_API
18011,Dibrugarh,AS,0.97,3246,3148,PMGSY_API
18012,Dima Hasao,AS,0.961,3448,3313,PMGSY_API
18013,Goalpara,AS,0.985,2303,2268,PMGSY_API
18014,Golaghat,AS,0.654,2902,1897,PMGSY_API
18015,Hailakandi,AS,0.903,1588,1433,PMGSY_API
18016,Hojai,AS,0.846,2825,2389,PMGSY_API
18017,Jorhat,AS,0.929,2883,2678,PMGSY_API
18018,Kamrup,AS,0.569,1063,604,PMGSY_API
18019,Kamrup Metropolitan,AS,0.69,1750,1207,PMGSY_API
18020,Karbi Anglong,AS,0.885,1492,1320,PMGSY_API
18021,Karimganj,AS,0.691,1883,1301,PMGSY_API
18022,Kokrajhar,AS,0.941,2358,2218,PMGSY_API
18023,Lakhimpur,AS,0.857,2093,1793,PMGSY_API
18024,Majuli,AS,0.922,2352,2168,PMGSY_API
18025,Morigaon,AS,0.721,3808,2745,PMGSY_API
18026,Nagaon,AS,0.864,2297,1984,PMGSY_API
18027,Nalbari,AS,0.98,2020,1979,PMGSY_API
18028,Sivasagar,AS,0.815,4189,3414,PMGSY_API
18029,Sonitpur,AS,0.611,1762,1076,PMGSY_API
18030,South Salmara-Mankachar,AS,0.526,1729,909,PMGSY_API
18031,Tinsukia,AS,0.593,3128,1854,PMGSY_API
18032,Udalguri,AS,0.881,3669,3232,PMGSY_API
18033,West Karbi Anglong,AS,0.775,1458,1129,PMGSY_API
18034,Bajali,AS,0.885,3360,2973,PMGSY_API
18035,Tamulpur,AS,0.987,2330,2299,PMGSY_API
10001,Araria,BR,0.606,2420,1466,PMGSY_API
10002,Arwal,BR,0.725,2891,2095,PMGSY_API
10003,Aurangabad,BR,0.66,3323,2193,PMGSY_API
10004,Banka,BR,0.89,4185,3724,PMGSY_API
10005,Begusarai,BR,0.854,2806,2396,PMGSY_API
10006,Bhagalpur,BR,0.58,4712,2732,PMGSY_API
10007,Bhojpur,BR,0.741,2366,1753,PMGSY_API
10008,Buxar,BR,0.708,4005,2835,PMGSY_API
10009,Darbhanga,BR,0.771,4005,3087,PMGSY_API
10010,East Champaran,BR,0.83,6402,5313,PMGSY_API
10011,Gaya,BR,0.841,5429,4565,PMGSY_API
10012,Gopalganj,BR,0.927,2539,2353,PMGSY_API
10013,Jamui,BR,0.834,2704,2255,PMGSY_API
10014,Jehanabad,BR,0.833,5450,4539,PMGSY_API
10015,Kaimur,BR,0.898,7136,6408,PMGSY_API
10016,Katihar,BR,0.76,5622,4272,PMGSY_API
10017,Khagaria,BR,0.959,5606,5376,PMGSY_API
10018,Kishanganj,BR,0.845,2391,2020,PMGSY_API
10019,Lakhisarai,BR,0.625,4584,2865,PMGSY_API
10020,Madhepura,BR,0.738,3279,2419,PMGSY_API
10021,Madhubani,BR,0.701,4025,2821,PMGSY_API
10022,Munger,BR,0.584,4727,2760,PMGSY_API
10023,Muzaffarpur,BR,0.932,6672,6218,PMGSY_API
10024,Nalanda,BR,0.745,6139,4573,PMGSY_API
10025,Nawada,BR,0.754,2265,1707,PMGSY_API
10026,Patna,BR,0.608,3270,1988,PMGSY_API
10027,Purnia,BR,0.929,6478,6018,PMGSY_API
10028,Rohtas,BR,0.846,3234,2735,PMGSY_API
10029,Saharsa,BR,0.636,2853,1814,PMGSY_API
10030,Samastipur,BR,0.829,3318,2750,PMGSY_API
10031,Saran,BR,0.947,4059,3843,PMGSY_API
10032,Sheikhpura,BR,0.617,1884,1162,PMGSY_API
10033,Sheohar,BR,0.846,2354,1991,PMGSY_API
10034,Sitamarhi,BR,0.668,2017,1347,PMGSY_API
10035,Siwan,BR,0.765,6164,4715,PMGSY_API
10036,Supaul,BR,0.925,6729,6224,PMGSY_API
10037,Vaishali,BR,0.838,2241,1877,PMGSY_API
10038,West Champaran,BR,0.959,4948,4745,PMGSY_API
22001,Balod,CG,0.719,1790,1287,PMGSY_API
22002,Baloda Bazar,CG,0.692,2949,2040,PMGSY_API
22003,Balrampur,CG,0.932,3690,3439,PMGSY_API
22004,Bastar,CG,0.974,3404,3315,PMGSY_API
22005,Bemetara,CG,0.631,2973,1875,PMGSY_API
22006,Bijapur,CG,0.869,1306,1134,PMGSY_API
22007,Bilaspur,CG,0.618,3830,2366,PMGSY_API
22008,Dantewada,CG,0.912,2429,2215,PMGSY_API
22009,Dhamtari,CG,0.925,1302,1204,PMGSY_API
22010,Durg,CG,0.617,2122,1309,PMGSY_API
22011,Gariaband,CG,0.828,2614,2164,PMGSY_API
22012,Gaurela Pendra Marwahi,CG,0.84,3317,2786,PMGSY_API
22013,Janjgir Champa,CG,0.918,2023,1857,PMGSY_API
22014,Jashpur,CG,0.569,3070,1746,PMGSY_API
22015,Kabirdham,CG,0.869,2748,2388,PMGSY_API
22016,Kanker,CG,0.857,1244,1066,PMGSY_API
22017,Kondagaon,CG,0.737,2394,1764,PMGSY_API
22018,Korba,CG,0.82,3924,3217,PMGSY_API
22019,Koriya,CG,0.895,2690,2407,PMGSY_API
22020,Mahasamund,CG,0.729,1848,1347,PMGSY_API
22021,Manendragarh Chirmiri Bharatpur,CG,0.777,3489,2710,PMGSY_API
22022,Mohla Manpur Ambagarh Chowki,CG,0.842,2131,1794,PMGSY_API
22023,Mungeli,CG,0.853,2675,2281,PMGSY_API
22024,Narayanpur,CG,0.972,1533,1490,PMGSY_API
22025,Raigarh,CG,0.974,3012,2933,PMGSY_API
22026,Raipur,CG,0.746,1561,1164,PMGSY_API
22027,Rajnandgaon,CG,0.675,2045,1380,PMGSY_API
22028,Sakti,CG,0.664,2398,1592,PMGSY_API
22029,Sarangarh Bilaigarh,CG,0.95,2636,2504,PMGSY_API
22030,Sukma,CG,0.902,2976,2684,PMGSY_API
22031,Surajpur,CG,0.687,2821,1938,PMGSY_API
22032,Surguja,CG,0.822,2831,2327,PMGSY_API
22033,Khairagarh Chhuikhadan Gandai,CG,0.671,2105,1412,PMGSY_API
30001,North Goa,GA,0.78,2975,2320,PMGSY_API
30002,South Goa,GA,0.576,3918,2256,PMGSY_API
24001,Ahmedabad,GJ,0.785,2815,2209,PMGSY_API
24002,Amreli,GJ,0.689,1164,801,PMGSY_API
24003,Anand,GJ,0.906,2995,2713,PMGSY_API
24004,Aravalli,GJ,0.74,3572,2643,PMGSY_API
24005,Banaskantha,GJ,0.702,3811,2675,PMGSY_API
24006,Bharuch,GJ,0.79,3309,2614,PMGSY_API
24007,Bhavnagar,GJ,0.862,1243,1071,PMGSY_API
24008,Botad,GJ,0.649,2185,1418,PMGSY_API
24009,Chhota Udaipur,GJ,0.69,3197,2205,PMGSY_API
24010,Dahod,GJ,0.76,3085,2344,PMGSY_API
24011,Dang,GJ,0.723,2428,1755,PMGSY_API
24012,Devbhumi Dwarka,GJ,0.754,2024,1526,PMGSY_API
24013,Gandhinagar,GJ,0.62,3387,2099,PMGSY_API
24014,Gir Somnath,GJ,0.75,2793,2094,PMGSY_API
24015,Jamnagar,GJ,0.708,3486,2468,PMGSY_API
24016,Junagadh,GJ,0.803,3521,2827,PMGSY_API
24017,Kheda,GJ,0.792,1532,1213,PMGSY_API
24018,Kutch,GJ,0.804,1424,1144,PMGSY_API
24019,Mahisagar,GJ,0.745,1921,1431,PMGSY_API
24020,Mehsana,GJ,0.884,3425,3027,PMGSY_API
24021,Morbi,GJ,0.574,2253,1293,PMGSY_API
24022,Narmada,GJ,0.723,3741,2704,PMGSY_API
24023,Navsari,GJ,0.908,2270,2061,PMGSY_API
24024,Panchmahal,GJ,0.947,2231,2112,PMGSY_API
24025,Patan,GJ,0.911,1694,1543,PMGSY_API
24026,Porbandar,GJ,0.833,1029,857,PMGSY_API
24027,Rajkot,GJ,0.983,3296,3239,PMGSY_API
24028,Sabarkantha,GJ,0.798,3508,2799,PMGSY_API
24029,Surat,GJ,0.701,3399,2382,PMGSY_API
24030,Surendranagar,GJ,0.555,2628,1458,PMGSY_API
24031,Tapi,GJ,0.916,1759,1611,PMGSY_API
24032,Vadodara,GJ,0.956,1926,1841,PMGSY_API
24033,Valsad,GJ,0.801,1891,1514,PMGSY_API
6001,Ambala,HR,0.828,3664,3033,PMGSY_API
6002,Bhiwani,HR,0.975,4021,3920,PMGSY_API
6003,Charkhi Dadri,HR,0.593,2025,1200,PMGSY_API
6004,Faridabad,HR,0.657,1160,762,PMGSY_API
6005,Fatehabad,HR,0.894,1738,1553,PMGSY_API
6006,Gurugram,HR,0.876,3101,2716,PMGSY_API
6007,Hisar,HR,0.635,2266,1438,PMGSY_API
6008,Jhajjar,HR,0.741,1871,1386,PMGSY_API
6009,Jind,HR,0.752,2145,1613,PMGSY_API
6010,Kaithal,HR,0.599,2933,1756,PMGSY_API
6011,Karnal,HR,0.784,1742,1365,PMGSY_API
6012,Kurukshetra,HR,0.875,1103,965,PMGSY_API
6013,Mahendragarh,HR,0.621,2228,1383,PMGSY_API
6014,Nuh,HR,0.977,1151,1124,PMGSY_API
6015,Palwal,HR,0.888,1997,1773,PMGSY_API
6016,Panchkula,HR,0.87,1946,1693,PMGSY_API
6017,Panipat,HR,0.796,2214,1762,PMGSY_API
6018,Rewari,HR,0.664,3366,2235,PMGSY_API
6019,Rohtak,HR,0.613,3518,2156,PMGSY_API
6020,Sirsa,HR,0.7,1153,807,PMGSY_API
6021,Sonipat,HR,0.64,1668,1067,PMGSY_API
6022,Yamunanagar,HR,0.631,3070,1937,PMGSY_API
2001,Bilaspur,HP,0.903,2355,2126,PMGSY_API
2002,Chamba,HP,0.902,2686,2422,PMGSY_API
2003,Hamirpur,HP,0.841,2769,2328,PMGSY_API
2004,Kangra,HP,0.759,2939,2230,PMGSY_API
2005,Kinnaur,HP,0.6,3032,1819,PMGSY_API
2006,Kullu,HP,0.786,2006,1576,PMGSY_API
2007,Lahaul and Spiti,HP,0.777,2246,1745,PMGSY_API
2008,Mandi,HP,0.815,1371,1117,PMGSY_API
2009,Shimla,HP,0.94,1302,1223,PMGSY_API
2010,Sirmaur,HP,0.575,1625,934,PMGSY_API
2011,Solan,HP,0.654,2236,1462,PMGSY_API
2012,Una,HP,0.705,2354,1659,PMGSY_API
20001,Bokaro,JH,0.914,4236,3871,PMGSY_API
20002,Chatra,JH,0.767,2083,1597,PMGSY_API
20003,Deoghar,JH,0.864,3204,2768,PMGSY_API
20004,Dhanbad,JH,0.69,2722,1878,PMGSY_API
20005,Dumka,JH,0.664,3418,2269,PMGSY_API
20006,East Singhbhum,JH,0.94,1127,1059,PMGSY_API
20007,Garhwa,JH,0.877,3820,3350,PMGSY_API
20008,Giridih,JH,0.814,1568,1276,PMGSY_API
20009,Godda,JH,0.776,2320,1800,PMGSY_API
20010,Gumla,JH,0.597,2557,1526,PMGSY_API
20011,Hazaribagh,JH,0.928,1919,1780,PMGSY_API
20012,Jamtara,JH,0.776,2945,2285,PMGSY_API
20013,Khunti,JH,0.679,2541,1725,PMGSY_API
20014,Koderma,JH,0.578,1113,643,PMGSY_API
20015,Latehar,JH,0.827,3230,2671,PMGSY_API
20016,Lohardaga,JH,0.65,3505,2278,PMGSY_API
20017,Pakur,JH,0.94,1487,1397,PMGSY_API
20018,Palamu,JH,0.591,2736,1616,PMGSY_API
20019,Ramgarh,JH,0.653,2475,1616,PMGSY_API
20020,Ranchi,JH,0.988,2502,2471,PMGSY_API
20021,Sahebganj,JH,0.562,1769,994,PMGSY_API
20022,Seraikela Kharsawan,JH,0.825,3169,2614,PMGSY_API
20023,Simdega,JH,0.558,2559,1427,PMGSY_API
20024,West Singhbhum,JH,0.864,1251,1080,PMGSY_API
29001,Bagalkote,KA,0.605,1082,654,PMGSY_API
29002,Ballari,KA,0.674,2138,1441,PMGSY_API
29003,Belagavi,KA,0.554,2922,1618,PMGSY_API
29004,Bengaluru Rural,KA,0.862,2645,2279,PMGSY_API
29005,Bengaluru Urban,KA,0.926,568,525,PMGSY_API
29006,Bidar,KA,0.689,3042,2095,PMGSY_API
29007,Chamarajanagara,KA,0.823,2461,2025,PMGSY_API
29008,Chikkaballapura,KA,0.937,2087,1955,PMGSY_API
29009,Chikkamagaluru,KA,0.891,2192,1953,PMGSY_API
29010,Chitradurga,KA,0.75,2438,1828,PMGSY_API
29011,Dakshina Kannada,KA,0.94,3432,3226,PMGSY_API
29012,Davanagere,KA,0.856,2989,2558,PMGSY_API
29013,Dharwad,KA,0.863,2573,2220,PMGSY_API
29014,Gadag,KA,0.74,2690,1990,PMGSY_API
29015,Hassan,KA,0.554,3852,2134,PMGSY_API
29016,Haveri,KA,0.796,2369,1885,PMGSY_API
29017,Kalaburagi,KA,0.72,3496,2517,PMGSY_API
29018,Kodagu,KA,0.948,2380,2256,PMGSY_API
29019,Kolar,KA,0.912,1324,1207,PMGSY_API
29020,Koppal,KA,0.623,3686,2296,PMGSY_API
29021,Mandya,KA,0.876,2242,1963,PMGSY_API
29022,Mysuru,KA,0.556,2006,1115,PMGSY_API
29023,Raichur,KA,0.712,3084,2195,PMGSY_API
29024,Ramanagara,KA,0.876,3290,2882,PMGSY_API
29025,Shivamogga,KA,0.651,2252,1466,PMGSY_API
29026,Tumakuru,KA,0.868,3220,2794,PMGSY_API
29027,Udupi,KA,0.754,4068,3067,PMGSY_API
29028,Uttara Kannada,KA,0.881,1462,1288,PMGSY_API
29029,Vijayapura,KA,0.979,1391,1361,PMGSY_API
29030,Yadgir,KA,0.734,3215,2359,PMGSY_API
29031,Vijayanagara,KA,0.763,1279,975,PMGSY_API
32001,Alappuzha,KL,0.551,2416,1331,PMGSY_API
32002,Ernakulam,KL,0.963,4053,3903,PMGSY_API
32003,Idukki,KL,0.987,2836,2799,PMGSY_API
32004,Kannur,KL,0.648,3823,2477,PMGSY_API
32005,Kasaragod,KL,0.965,3182,3070,PMGSY_API
32006,Kollam,KL,0.891,3162,2817,PMGSY_API
32007,Kottayam,KL,0.856,3248,2780,PMGSY_API
32008,Kozhikode,KL,0.765,3003,2297,PMGSY_API
32009,Malappuram,KL,0.605,2131,1289,PMGSY_API
32010,Palakkad,KL,0.589,1141,672,PMGSY_API
32011,Pathanamthitta,KL,0.927,2542,2356,PMGSY_API
32012,Thiruvananthapuram,KL,0.689,3331,2295,PMGSY_API
32013,Thrissur,KL,0.802,3046,2442,PMGSY_API
32014,Wayanad,KL,0.631,3657,2307,PMGSY_API
23001,Agar Malwa,MP,0.777,2997,2328,PMGSY_API
23002,Alirajpur,MP,0.736,3192,2349,PMGSY_API
23003,Anuppur,MP,0.942,2348,2211,PMGSY_API
23004,Ashoknagar,MP,0.568,2447,1389,PMGSY_API
23005,Balaghat,MP,0.701,1038,727,PMGSY_API
23006,Barwani,MP,0.959,3181,3050,PMGSY_API
23007,Betul,MP,0.967,3372,3260,PMGSY_API
23008,Bhind,MP,0.683,3591,2452,PMGSY_API
23009,Bhopal,MP,0.725,2133,1546,PMGSY_API
23010,Burhanpur,MP,0.672,2584,1736,PMGSY_API
23011,Chhatarpur,MP,0.878,4027,3535,PMGSY_API
23012,Chhindwara,MP,0.852,3103,2643,PMGSY_API
23013,Damoh,MP,0.587,4266,2504,PMGSY_API
23014,Datia,MP,0.986,1880,1853,PMGSY_API
23015,Dewas,MP,0.98,2636,2583,PMGSY_API
23016,Dhar,MP,0.911,3696,3367,PMGSY_API
23017,Dindori,MP,0.602,3358,2021,PMGSY_API
23018,Guna,MP,0.619,2074,1283,PMGSY_API
23019,Gwalior,MP,0.756,1766,1335,PMGSY_API
23020,Harda,MP,0.688,1739,1196,PMGSY_API
23021,Hoshangabad,MP,0.905,1696,1534,PMGSY_API
23022,Indore,MP,0.976,3670,3581,PMGSY_API
23023,Jabalpur,MP,0.969,2362,2288,PMGSY_API
23024,Jhabua,MP,0.956,3266,3122,PMGSY_API
23025,Katni,MP,0.587,1169,686,PMGSY_API
23026,Khandwa,MP,0.844,3468,2926,PMGSY_API
23027,Khargone,MP,0.645,1221,787,PMGSY_API
23028,Mandla,MP,0.859,3020,2594,PMGSY_API
23029,Mandsaur,MP,0.715,3028,2165,PMGSY_API
23030,Morena,MP,0.83,1805,1498,PMGSY_API
23031,Narsinghpur,MP,0.829,3494,2896,PMGSY_API
23032,Neemuch,MP,0.9,1486,1337,PMGSY_API
23033,Niwari,MP,0.645,2204,1421,PMGSY_API
23034,Panna,MP,0.765,2109,1613,PMGSY_API
23035,Raisen,MP,0.714,1862,1329,PMGSY_API
23036,Rajgarh,MP,0.735,2365,1738,PMGSY_API
23037,Ratlam,MP,0.723,1899,1372,PMGSY_API
23038,Rewa,MP,0.853,1182,1008,PMGSY_API
23039,Sagar,MP,0.583,3408,1986,PMGSY_API
23040,Satna,MP,0.804,1931,1552,PMGSY_API
23041,Sehore,MP,0.598,2266,1355,PMGSY_API
23042,Seoni,MP,0.925,2205,2039,PMGSY_API
23043,Shahdol,MP,0.891,1186,1056,PMGSY_API
23044,Shajapur,MP,0.856,2732,2338,PMGSY_API
23045,Sheopur,MP,0.977,3262,3186,PMGSY_API
23046,Shivpuri,MP,0.613,2222,1362,PMGSY_API
23047,Sidhi,MP,0.715,2523,1803,PMGSY_API
23048,Singrauli,MP,0.553,3261,1803,PMGSY_API
23049,Tikamgarh,MP,0.824,2070,1705,PMGSY_API
23050,Ujjain,MP,0.858,1655,1419,PMGSY_API
23051,Umaria,MP,0.927,2605,2414,PMGSY_API
23052,Vidisha,MP,0.822,3020,2482,PMGSY_API
23053,Mauganj,MP,0.857,3111,2666,PMGSY_API
23054,Maihar,MP,0.916,1276,1168,PMGSY_API
23055,Pandhurna,MP,0.925,3281,3034,PMGSY_API
27001,Ahmednagar,MH,0.581,2794,1623,PMGSY_API
27002,Akola,MH,0.792,2203,1744,PMGSY_API
27003,Amravati,MH,0.725,3498,2536,PMGSY_API
27004,Chhatrapati Sambhajinagar,MH,0.793,5139,4075,PMGSY_API
27005,Beed,MH,0.783,4291,3359,PMGSY_API
27006,Bhandara,MH,0.756,5791,4377,PMGSY_API
27007,Buldhana,MH,0.795,5143,4088,PMGSY_API
27008,Chandrapur,MH,0.922,6377,5879,PMGSY_API
27009,Dhule,MH,0.643,4288,2757,PMGSY_API
27010,Gadchiroli,MH,0.918,6326,5807,PMGSY_API
27011,Gondia,MH,0.9,3309,2978,PMGSY_API
27012,Hingoli,MH,0.656,6338,4157,PMGSY_API
27013,Jalgaon,MH,0.628,3497,2196,PMGSY_API
27014,Jalna,MH,0.699,3766,2632,PMGSY_API
27015,Kolhapur,MH,0.954,5976,5701,PMGSY_API
27016,Latur,MH,0.749,3112,2330,PMGSY_API
27017,Mumbai City,MH,0.839,2259,1895,PMGSY_API
27018,Mumbai Suburban,MH,0.852,574,489,PMGSY_API
27019,Nagpur,MH,0.559,3207,1792,PMGSY_API
27020,Nanded,MH,0.828,5105,4226,PMGSY_API
27021,Nandurbar,MH,0.666,4628,3082,PMGSY_API
27022,Nashik,MH,0.624,5343,3334,PMGSY_API
27023,Dharashiv,MH,0.774,5930,4589,PMGSY_API
27024,Palghar,MH,0.821,3677,3018,PMGSY_API
27025,Parbhani,MH,0.825,1963,1619,PMGSY_API
27026,Pune,MH,0.925,5338,4937,PMGSY_API
27027,Raigad,MH,0.78,2650,2067,PMGSY_API
27028,Ratnagiri,MH,0.709,6717,4762,PMGSY_API
27029,Sangli,MH,0.82,3253,2667,PMGSY_API
27030,Satara,MH,0.913,4675,4268,PMGSY_API
27031,Sindhudurg,MH,0.715,3179,2272,PMGSY_API
27032,Solapur,MH,0.917,5294,4854,PMGSY_API
27033,Thane,MH,0.827,5890,4871,PMGSY_API
27034,Wardha,MH,0.737,3601,2653,PMGSY_API
27035,Washim,MH,0.869,2812,2443,PMGSY_API
27036,Yavatmal,MH,0.94,5213,4900,PMGSY_API
14001,Bishnupur,MN,0.872,1521,1326,PMGSY_API
14002,Chandel,MN,0.698,2034,1419,PMGSY_API
14003,Churachandpur,MN,0.659,2040,1344,PMGSY_API
14004,Imphal East,MN,0.879,3045,2676,PMGSY_API
14005,Imphal West,MN,0.839,2730,2290,PMGSY_API
14006,Jiribam,MN,0.925,3561,3293,PMGSY_API
14007,Kakching,MN,0.599,2554,1529,PMGSY_API
14008,Kamjong,MN,0.915,2259,2066,PMGSY_API
14009,Kangpokpi,MN,0.621,1267,786,PMGSY_API
14010,Noney,MN,0.988,2815,2781,PMGSY_API
14011,Pherzawl,MN,0.711,1329,944,PMGSY_API
14012,Senapati,MN,0.759,2377,1804,PMGSY_API
14013,Tamenglong,MN,0.762,2602,1982,PMGSY_API
14014,Tengnoupal,MN,0.923,1175,1084,PMGSY_API
14015,Thoubal,MN,0.938,1818,1705,PMGSY_API
14016,Ukhrul,MN,0.834,2527,2107,PMGSY_API
17001,East Garo Hills,ML,0.758,264,200,PMGSY_API
17002,East Jaintia Hills,ML,0.886,335,296,PMGSY_API
17003,East Khasi Hills,ML,0.967,287,277,PMGSY_API
17004,Eastern West Khasi Hills,ML,0.91,555,505,PMGSY_API
17005,North Garo Hills,ML,0.799,453,361,PMGSY_API
17006,Ri Bhoi,ML,0.835,321,268,PMGSY_API
17007,South Garo Hills,ML,0.966,550,531,PMGSY_API
17008,South West Garo Hills,ML,0.605,251,151,PMGSY_API
17009,South West Khasi Hills,ML,0.859,151,129,PMGSY_API
17010,West Garo Hills,ML,0.957,417,399,PMGSY_API
17011,West Jaintia Hills,ML,0.927,519,481,PMGSY_API
17012,West Khasi Hills,ML,0.779,151,117,PMGSY_API
15001,Aizawl,MZ,0.666,354,235,PMGSY_API
15002,Champhai,MZ,0.983,150,147,PMGSY_API
15003,Hnahthial,MZ,0.88,377,331,PMGSY_API
15004,Khawzawl,MZ,0.62,127,78,PMGSY_API
15005,Kolasib,MZ,0.882,450,396,PMGSY_API
15006,Lawngtlai,MZ,0.832,461,383,PMGSY_API
15007,Lunglei,MZ,0.866,159,137,PMGSY_API
15008,Mamit,MZ,0.986,372,366,PMGSY_API
15009,Saiha,MZ,0.905,552,499,PMGSY_API
15010,Saitual,MZ,0.977,393,383,PMGSY_API
15011,Serchhip,MZ,0.861,238,204,PMGSY_API
13001,Chumoukedima,NL,0.803,294,236,PMGSY_API
13002,Dimapur,NL,0.801,213,170,PMGSY_API
13003,Kiphire,NL,0.718,562,403,PMGSY_API
13004,Kohima,NL,0.8,72,57,PMGSY_API
13005,Longleng,NL,0.624,191,119,PMGSY_API
13006,Mokokchung,NL,0.859,553,475,PMGSY_API
13007,Mon,NL,0.688,269,185,PMGSY_API
13008,Niuland,NL,0.552,625,345,PMGSY_API
13009,Noklak,NL,0.555,70,38,PMGSY_API
13010,Peren,NL,0.778,473,367,PMGSY_API
13011,Phek,NL,0.967,334,322,PMGSY_API
13012,Shamator,NL,0.603,169,101,PMGSY_API
13013,Tseminyu,NL,0.712,187,133,PMGSY_API
13014,Tuensang,NL,0.791,283,223,PMGSY_API
13015,Wokha,NL,0.902,211,190,PMGSY_API
13016,Zunheboto,NL,0.86,250,215,PMGSY_API
21001,Angul,OD,0.807,2343,1890,PMGSY_API
21002,Balangir,OD,0.661,3561,2353,PMGSY_API
21003,Balasore,OD,0.698,2028,1415,PMGSY_API
21004,Bargarh,OD,0.556,2023,1124,PMGSY_API
21005,Bhadrak,OD,0.632,1319,833,PMGSY_API
21006,Boudh,OD,0.838,2902,2431,PMGSY_API
21007,Cuttack,OD,0.886,2111,1870,PMGSY_API
21008,Deogarh,OD,0.966,2849,2752,PMGSY_API
21009,Dhenkanal,OD,0.971,2913,2828,PMGSY_API
21010,Gajapati,OD,0.975,2917,2844,PMGSY_API
21011,Ganjam,OD,0.648,1900,1231,PMGSY_API
21012,Jagatsinghpur,OD,0.833,3760,3132,PMGSY_API
21013,Jajpur,OD,0.918,3355,3079,PMGSY_API
21014,Jharsuguda,OD,0.747,2768,2067,PMGSY_API
21015,Kalahandi,OD,0.806,3539,2852,PMGSY_API
21016,Kandhamal,OD,0.568,1179,669,PMGSY_API
21017,Kendrapara,OD,0.761,3138,2388,PMGSY_API
21018,Kendujhar,OD,0.751,1979,1486,PMGSY_API
21019,Khordha,OD,0.556,2552,1418,PMGSY_API
21020,Koraput,OD,0.714,3059,2184,PMGSY_API
21021,Malkangiri,OD,0.982,2800,2749,PMGSY_API
21022,Mayurbhanj,OD,0.78,3522,2747,PMGSY_API
21023,Nabarangpur,OD,0.632,3020,1908,PMGSY_API
21024,Nayagarh,OD,0.851,3607,3069,PMGSY_API
21025,Nuapada,OD,0.63,2978,1876,PMGSY_API
21026,Puri,OD,0.807,3677,2967,PMGSY_API
21027,Rayagada,OD,0.657,1146,752,PMGSY_API
21028,Sambalpur,OD,0.657,1007,661,PMGSY_API
21029,Subarnapur,OD,0.562,2037,1144,PMGSY_API
21030,Sundargarh,OD,0.786,1720,1351,PMGSY_API
3001,Amritsar,PB,0.703,2121,1491,PMGSY_API
3002,Barnala,PB,0.722,2963,2139,PMGSY_API
3003,Bathinda,PB,0.604,3657,2208,PMGSY_API
3004,Faridkot,PB,0.975,2800,2730,PMGSY_API
3005,Fatehgarh Sahib,PB,0.941,2351,2212,PMGSY_API
3006,Fazilka,PB,0.852,2206,1879,PMGSY_API
3007,Ferozepur,PB,0.62,1939,1202,PMGSY_API
3008,Gurdaspur,PB,0.584,3023,1765,PMGSY_API
3009,Hoshiarpur,PB,0.862,2119,1826,PMGSY_API
3010,Jalandhar,PB,0.712,2201,1567,PMGSY_API
3011,Kapurthala,PB,0.614,2822,1732,PMGSY_API
3012,Ludhiana,PB,0.697,2749,1916,PMGSY_API
3013,Malerkotla,PB,0.569,1404,798,PMGSY_API
3014,Mansa,PB,0.791,2320,1835,PMGSY_API
3015,Moga,PB,0.617,1717,1059,PMGSY_API
3016,Muktsar,PB,0.819,3093,2533,PMGSY_API
3017,Pathankot,PB,0.988,3271,3231,PMGSY_API
3018,Patiala,PB,0.774,1746,1351,PMGSY_API
3019,Rupnagar,PB,0.683,3462,2364,PMGSY_API
3020,Sahibzada Ajit Singh Nagar,PB,0.764,3666,2800,PMGSY_API
3021,Sangrur,PB,0.968,3810,3688,PMGSY_API
3022,Shahid Bhagat Singh Nagar,PB,0.784,3615,2834,PMGSY_API
3023,Tarn Taran,PB,0.839,2235,1875,PMGSY_API
8001,Ajmer,RJ,0.6,1806,1083,PMGSY_API
8002,Alwar,RJ,0.926,2000,1852,PMGSY_API
8003,Anupgarh,RJ,0.919,1461,1342,PMGSY_API
8004,Balotra,RJ,0.924,2204,2036,PMGSY_API
8005,Banswara,RJ,0.585,1251,731,PMGSY_API
8006,Baran,RJ,0.624,2478,1546,PMGSY_API
8007,Barmer,RJ,0.677,3194,2162,PMGSY_API
8008,Beawar,RJ,0.915,1766,1615,PMGSY_API
8009,Bharatpur,RJ,0.781,2196,1715,PMGSY_API
8010,Bhilwara,RJ,0.867,3225,2796,PMGSY_API
8011,Bikaner,RJ,0.762,1825,1390,PMGSY_API
8012,Bundi,RJ,0.64,2522,1614,PMGSY_API
8013,Chittorgarh,RJ,0.672,2106,1415,PMGSY_API
8014,Churu,RJ,0.642,3083,1979,PMGSY_API
8015,Dausa,RJ,0.908,1275,1157,PMGSY_API
8016,Deeg,RJ,0.59,3859,2276,PMGSY_API
8017,Dholpur,RJ,0.914,2936,2683,PMGSY_API
8018,Didwana Kuchaman,RJ,0.853,1318,1124,PMGSY_API
8019,Dudu,RJ,0.897,2504,2246,PMGSY_API
8020,Dungarpur,RJ,0.567,1214,688,PMGSY_API
8021,Ganganagar,RJ,0.758,3064,2322,PMGSY_API
8022,Gangapurcity,RJ,0.661,1473,973,PMGSY_API
8023,Hanumangarh,RJ,0.954,2062,1967,PMGSY_API
8024,Jaipur,RJ,0.648,2064,1337,PMGSY_API
8025,Jaipur Rural,RJ,0.973,3712,3611,PMGSY_API
8026,Jaisalmer,RJ,0.818,2712,2218,PMGSY_API
8027,Jalore,RJ,0.566,1382,782,PMGSY_API
8028,Jhalawar,RJ,0.886,1294,1146,PMGSY_API
8029,Jhunjhunu,RJ,0.782,1849,1445,PMGSY_API
8030,Jodhpur,RJ,0.806,3518,2835,PMGSY_API
8031,Jodhpur Rural,RJ,0.77,2475,1905,PMGSY_API
8032,Karauli,RJ,0.965,3539,3415,PMGSY_API
8033,Kekri,RJ,0.615,1909,1174,PMGSY_API
8034,Khairthal Tijara,RJ,0.946,2454,2321,PMGSY_API
8035,Kota,RJ,0.691,1273,879,PMGSY_API
8036,Kotputli Behror,RJ,0.767,2598,1992,PMGSY_API
8037,Nagaur,RJ,0.924,2532,2339,PMGSY_API
8038,Neem Ka Thana,RJ,0.91,1849,1682,PMGSY_API
8039,Pali,RJ,0.873,1499,1308,PMGSY_API
8040,Phalodi,RJ,0.963,2448,2357,PMGSY_API
8041,Pratapgarh,RJ,0.801,3129,2506,PMGSY_API
8042,Rajsamand,RJ,0.681,2837,1931,PMGSY_API
8043,Salumbar,RJ,0.842,1470,1237,PMGSY_API
8044,Sanchore,RJ,0.722,1813,1308,PMGSY_API
8045,Sawai Madhopur,RJ,0.636,3399,2161,PMGSY_API
8046,Shahpura,RJ,0.722,3904,2818,PMGSY_API
8047,Sikar,RJ,0.899,3073,2762,PMGSY_API
8048,Sirohi,RJ,0.706,1696,1197,PMGSY_API
8049,Tonk,RJ,0.748,2457,1837,PMGSY_API
8050,Udaipur,RJ,0.903,3321,2998,PMGSY_API
11001,Gangtok,SK,0.974,556,541,PMGSY_API
11002,Gyalshing,SK,0.834,173,144,PMGSY_API
11003,Mangan,SK,0.693,412,285,PMGSY_API
11004,Namchi,SK,0.95,268,254,PMGSY_API
11005,Pakyong,SK,0.723,177,127,PMGSY_API
11006,Soreng,SK,0.796,564,448,PMGSY_API
33001,Ariyalur,TN,0.654,4779,3125,PMGSY_API
33002,Chengalpattu,TN,0.842,2317,1950,PMGSY_API
33003,Chennai,TN,0.718,358,257,PMGSY_API
33004,Coimbatore,TN,0.56,4540,2542,PMGSY_API
33005,Cuddalore,TN,0.558,3803,2122,PMGSY_API
33006,Dharmapuri,TN,0.974,3748,3650,PMGSY_API
33007,Dindigul,TN,0.725,5608,4065,PMGSY_API
33008,Erode,TN,0.594,5057,3003,PMGSY_API
33009,Kallakurichi,TN,0.766,3486,2670,PMGSY_API
33010,Kancheepuram,TN,0.807,5829,4704,PMGSY_API
33011,Kanniyakumari,TN,0.689,6397,4407,PMGSY_API
33012,Karur,TN,0.763,6447,4919,PMGSY_API
33013,Krishnagiri,TN,0.597,2602,1553,PMGSY_API
33014,Madurai,TN,0.958,3010,2883,PMGSY_API
33015,Mayiladuthurai,TN,0.717,3936,2822,PMGSY_API
33016,Nagapattinam,TN,0.736,2408,1772,PMGSY_API
33017,Namakkal,TN,0.749,4466,3345,PMGSY_API
33018,Nilgiris,TN,0.803,4589,3684,PMGSY_API
33019,Perambalur,TN,0.858,3289,2821,PMGSY_API
33020,Pudukkottai,TN,0.871,3996,3480,PMGSY_API
33021,Ramanathapuram,TN,0.809,6543,5293,PMGSY_API
33022,Ranipet,TN,0.805,6555,5276,PMGSY_API
33023,Salem,TN,0.931,4753,4425,PMGSY_API
33024,Sivaganga,TN,0.554,3549,1966,PMGSY_API
33025,Tenkasi,TN,0.948,6166,5845,PMGSY_API
33026,Thanjavur,TN,0.874,4427,3869,PMGSY_API
33027,Theni,TN,0.756,3415,2581,PMGSY_API
33028,Thoothukudi,TN,0.911,3217,2930,PMGSY_API
33029,Tiruchirappalli,TN,0.865,4099,3545,PMGSY_API
33030,Tirunelveli,TN,0.812,2243,1821,PMGSY_API
33031,Tirupathur,TN,0.718,5532,3971,PMGSY_API
33032,Tiruppur,TN,0.557,2545,1417,PMGSY_API
33033,Tiruvallur,TN,0.882,4159,3668,PMGSY_API
33034,Tiruvannamalai,TN,0.57,4985,2841,PMGSY_API
33035,Tiruvarur,TN,0.791,6391,5055,PMGSY_API
33036,Vellore,TN,0.812,4610,3743,PMGSY_API
33037,Viluppuram,TN,0.845,4444,3755,PMGSY_API
33038,Virudhunagar,TN,0.679,4186,2842,PMGSY_API
36001,Adilabad,TG,0.94,1447,1360,PMGSY_API
36002,Bhadradri Kothagudem,TG,0.921,3426,3155,PMGSY_API
36003,Hanamkonda,TG,0.694,3774,2619,PMGSY_API
36004,Hyderabad,TG,0.618,78,48,PMGSY_API
36005,Jagtial,TG,0.771,2342,1805,PMGSY_API
36006,Jangaon,TG,0.693,1821,1261,PMGSY_API
36007,Jayashankar Bhupalpally,TG,0.587,2728,1601,PMGSY_API
36008,Jogulamba Gadwal,TG,0.674,3459,2331,PMGSY_API
36009,Kamareddy,TG,0.936,1040,973,PMGSY_API
36010,Karimnagar,TG,0.725,1144,829,PMGSY_API
36011,Khammam,TG,0.554,1575,872,PMGSY_API
36012,Kumuram Bheem Asifabad,TG,0.552,3171,1750,PMGSY_API
36013,Mahabubabad,TG,0.724,2454,1776,PMGSY_API
36014,Mahabubnagar,TG,0.949,1013,961,PMGSY_API
36015,Mancherial,TG,0.887,2417,2143,PMGSY_API
36016,Medak,TG,0.589,2102,1238,PMGSY_API
36017,Medchal Malkajgiri,TG,0.595,1458,867,PMGSY_API
36018,Mulugu,TG,0.908,3162,2871,PMGSY_API
36019,Nagarkurnool,TG,0.734,2482,1821,PMGSY_API
36020,Nalgonda,TG,0.634,3297,2090,PMGSY_API
36021,Narayanpet,TG,0.869,3498,3039,PMGSY_API
36022,Nirmal,TG,0.562,1336,750,PMGSY_API
36023,Nizamabad,TG,0.949,1933,1834,PMGSY_API
36024,Peddapalli,TG,0.667,1611,1074,PMGSY_API
36025,Rajanna Sircilla,TG,0.912,3777,3444,PMGSY_API
36026,Ranga Reddy,TG,0.731,2490,1820,PMGSY_API
36027,Sangareddy,TG,0.85,2196,1866,PMGSY_API
36028,Siddipet,TG,0.632,2144,1355,PMGSY_API
36029,Suryapet,TG,0.65,2829,1838,PMGSY_API
36030,Vikarabad,TG,0.974,2684,2614,PMGSY_API
36031,Wanaparthy,TG,0.909,2912,2647,PMGSY_API
36032,Warangal,TG,0.651,2553,1662,PMGSY_API
36033,Yadadri Bhuvanagiri,TG,0.98,1977,1937,PMGSY_API
16001,Dhalai,TR,0.582,2811,1636,PMGSY_API
16002,Gomati,TR,0.735,3001,2205,PMGSY_API
16003,Khowai,TR,0.751,2508,1883,PMGSY_API
16004,North Tripura,TR,0.809,1879,1520,PMGSY_API
16005,Sepahijala,TR,0.796,2359,1877,PMGSY_API
16006,South Tripura,TR,0.938,2102,1971,PMGSY_API
16007,Unakoti,TR,0.601,1657,995,PMGSY_API
16008,West Tripura,TR,0.601,2567,1542,PMGSY_API
9001,Agra,UP,0.939,4236,3977,PMGSY_API
9002,Aligarh,UP,0.673,1926,1296,PMGSY_API
9003,Ambedkar Nagar,UP,0.609,3943,2401,PMGSY_API
9004,Amethi,UP,0.575,3303,1899,PMGSY_API
9005,Amroha,UP,0.938,1891,1773,PMGSY_API
9006,Auraiya,UP,0.699,5415,3785,PMGSY_API
9007,Ayodhya,UP,0.982,3034,2979,PMGSY_API
9008,Azamgarh,UP,0.66,2816,1858,PMGSY_API
9009,Baghpat,UP,0.754,2044,1541,PMGSY_API
9010,Bahraich,UP,0.558,5933,3310,PMGSY_API
9011,Ballia,UP,0.97,3742,3629,PMGSY_API
9012,Balrampur,UP,0.939,3078,2890,PMGSY_API
9013,Banda,UP,0.972,5494,5340,PMGSY_API
9014,Barabanki,UP,0.93,2658,2471,PMGSY_API
9015,Bareilly,UP,0.57,3227,1839,PMGSY_API
9016,Basti,UP,0.72,3305,2379,PMGSY_API
9017,Bhadohi,UP,0.924,6141,5674,PMGSY_API
9018,Bijnor,UP,0.756,5916,4472,PMGSY_API
9019,Budaun,UP,0.64,5162,3303,PMGSY_API
9020,Bulandshahr,UP,0.849,5276,4479,PMGSY_API
9021,Chandauli,UP,0.776,6271,4866,PMGSY_API
9022,Chitrakoot,UP,0.822,5444,4474,PMGSY_API
9023,Deoria,UP,0.799,2983,2383,PMGSY_API
9024,Etah,UP,0.671,4473,3001,PMGSY_API
9025,Etawah,UP,0.685,3405,2332,PMGSY_API
9026,Farrukhabad,UP,0.893,2212,1975,PMGSY_API
9027,Fatehpur,UP,0.953,3276,3122,PMGSY_API
9028,Firozabad,UP,0.765,6040,4620,PMGSY_API
9029,Gautam Buddha Nagar,UP,0.746,1973,1471,PMGSY_API
9030,Ghaziabad,UP,0.803,7046,5657,PMGSY_API
9031,Ghazipur,UP,0.963,5206,5013,PMGSY_API
9032,Gonda,UP,0.682,5564,3794,PMGSY_API
9033,Gorakhpur,UP,0.586,3742,2192,PMGSY_API
9034,Hamirpur,UP,0.787,5188,4082,PMGSY_API
9035,Hapur,UP,0.926,4026,3728,PMGSY_API
9036,Hardoi,UP,0.98,4105,4022,PMGSY_API
9037,Hathras,UP,0.836,3716,3106,PMGSY_API
9038,Jalaun,UP,0.766,2679,2052,PMGSY_API
9039,Jaunpur,UP,0.928,6608,6132,PMGSY_API
9040,Jhansi,UP,0.967,3008,2908,PMGSY_API
9041,Kannauj,UP,0.703,6253,4395,PMGSY_API
9042,Kanpur Dehat,UP,0.864,3814,3295,PMGSY_API
9043,Kanpur Nagar,UP,0.718,3216,2309,PMGSY_API
9044,Kasganj,UP,0.697,2009,1400,PMGSY_API
9045,Kaushambi,UP,0.599,4771,2857,PMGSY_API
9046,Kheri,UP,0.876,2345,2054,PMGSY_API
9047,Kushinagar,UP,0.691,6279,4338,PMGSY_API
9048,Lalitpur,UP,0.795,5386,4281,PMGSY_API
9049,Lucknow,UP,0.602,4073,2451,PMGSY_API
9050,Maharajganj,UP,0.779,4421,3443,PMGSY_API
9051,Mahoba,UP,0.968,5560,5382,PMGSY_API
9052,Mainpuri,UP,0.686,6455,4428,PMGSY_API
9053,Mathura,UP,0.853,2810,2396,PMGSY_API
9054,Mau,UP,0.796,3454,2749,PMGSY_API
9055,Meerut,UP,0.948,3792,3594,PMGSY_API
9056,Mirzapur,UP,0.975,3700,3607,PMGSY_API
9057,Moradabad,UP,0.96,3241,3111,PMGSY_API
9058,Muzaffarnagar,UP,0.688,3073,2114,PMGSY_API
9059,Pilibhit,UP,0.585,2879,1684,PMGSY_API
9060,Pratapgarh,UP,0.88,3165,2785,PMGSY_API
9061,Prayagraj,UP,0.564,6552,3695,PMGSY_API
9062,Raebareli,UP,0.695,2563,1781,PMGSY_API
9063,Rampur,UP,0.618,2732,1688,PMGSY_API
9064,Saharanpur,UP,0.679,4501,3056,PMGSY_API
9065,Sambhal,UP,0.574,3882,2228,PMGSY_API
9066,Sant Kabir Nagar,UP,0.814,6536,5320,PMGSY_API
9067,Shahjahanpur,UP,0.987,3730,3681,PMGSY_API
9068,Shamli,UP,0.873,4290,3745,PMGSY_API
9069,Shrawasti,UP,0.783,3659,2864,PMGSY_API
9070,Siddharthnagar,UP,0.966,4716,4555,PMGSY_API
9071,Sitapur,UP,0.703,6591,4633,PMGSY_API
9072,Sonbhadra,UP,0.894,4247,3796,PMGSY_API
9073,Sultanpur,UP,0.793,2652,2103,PMGSY_API
9074,Unnao,UP,0.905,2249,2035,PMGSY_API
9075,Varanasi,UP,0.865,5104,4414,PMGSY_API
5001,Almora,UK,0.915,1754,1604,PMGSY_API
5002,Bageshwar,UK,0.921,2734,2518,PMGSY_API
5003,Chamoli,UK,0.939,1768,1660,PMGSY_API
5004,Champawat,UK,0.916,2460,2253,PMGSY_API
5005,Dehradun,UK,0.7,2140,1498,PMGSY_API
5006,Haridwar,UK,0.937,2219,2079,PMGSY_API
5007,Nainital,UK,0.617,2856,1762,PMGSY_API
5008,Pauri Garhwal,UK,0.756,3515,2657,PMGSY_API
5009,Pithoragarh,UK,0.585,3371,1972,PMGSY_API
5010,Rudraprayag,UK,0.897,3339,2995,PMGSY_API
5011,Tehri Garhwal,UK,0.681,1414,962,PMGSY_API
5012,Udham Singh Nagar,UK,0.669,3032,2028,PMGSY_API
5013,Uttarkashi,UK,0.968,3244,3140,PMGSY_API
19001,Alipurduar,WB,0.584,2879,1681,PMGSY_API
19002,Bankura,WB,0.65,5605,3643,PMGSY_API
19003,Birbhum,WB,0.87,3576,3111,PMGSY_API
19004,Cooch Behar,WB,0.598,5258,3144,PMGSY_API
19005,Dakshin Dinajpur,WB,0.61,3034,1850,PMGSY_API
19006,Darjeeling,WB,0.561,3437,1928,PMGSY_API
19007,Hooghly,WB,0.965,2464,2377,PMGSY_API
19008,Howrah,WB,0.843,5935,5003,PMGSY_API
19009,Jalpaiguri,WB,0.658,3636,2392,PMGSY_API
19010,Jhargram,WB,0.838,4963,4158,PMGSY_API
19011,Kalimpong,WB,0.966,5074,4901,PMGSY_API
19012,Kolkata,WB,0.83,255,211,PMGSY_API
19013,Malda,WB,0.957,3741,3580,PMGSY_API
19014,Murshidabad,WB,0.672,4698,3157,PMGSY_API
19015,Nadia,WB,0.687,6871,4720,PMGSY_API
19016,North 24 Parganas,WB,0.874,7327,6403,PMGSY_API
19017,Paschim Bardhaman,WB,0.605,3339,2020,PMGSY_API
19018,Paschim Medinipur,WB,0.565,6262,3538,PMGSY_API
19019,Purba Bardhaman,WB,0.914,2870,2623,PMGSY_API
19020,Purba Medinipur,WB,0.863,4540,3918,PMGSY_API
19021,Purulia,WB,0.634,6381,4045,PMGSY_API
19022,South 24 Parganas,WB,0.979,5552,5435,PMGSY_API
19023,Uttar Dinajpur,WB,0.766,6243,4782,PMGSY_API
35001,Nicobars,AN,0.855,93,79,PMGSY_API
35002,North and Middle Andaman,AN,0.867,597,517,PMGSY_API
35003,South Andaman,AN,0.602,327,196,PMGSY_API
4001,Chandigarh,CH,0.802,3619,2902,PMGSY_API
26001,Dadra and Nagar Haveli,DD,0.568,2190,1243,PMGSY_API
26002,Daman,DD,0.856,2888,2472,PMGSY_API
26003,Diu,DD,0.795,3370,2679,PMGSY_API
7001,Central Delhi,DL,0.68,84,57,PMGSY_API
7002,East Delhi,DL,0.694,2618,1816,PMGSY_API
7003,New Delhi,DL,0.636,2322,1476,PMGSY_API
7004,North Delhi,DL,0.816,2965,2419,PMGSY_API
7005,North East Delhi,DL,0.852,3086,2629,PMGSY_API
7006,North West Delhi,DL,0.8,2111,1688,PMGSY_API
7007,Shahdara,DL,0.903,2951,2664,PMGSY_API
7008,South Delhi,DL,0.92,3466,3188,PMGSY_API
7009,South East Delhi,DL,0.862,2096,1806,PMGSY_API
7010,South West Delhi,DL,0.583,2071,1207,PMGSY_API
7011,West Delhi,DL,0.776,2877,2232,PMGSY_API
1001,Anantnag,JK,0.852,3122,2659,PMGSY_API
1002,Bandipora,JK,0.692,3473,2403,PMGSY_API
1003,Baramulla,JK,0.552,2173,1199,PMGSY_API
1004,Budgam,JK,0.983,1173,1153,PMGSY_API
1005,Doda,JK,0.767,2417,1853,PMGSY_API
1006,Ganderbal,JK,0.92,1339,1231,PMGSY_API
1007,Jammu,JK,0.856,3054,2614,PMGSY_API
1008,Kathua,JK,0.982,2304,2262,PMGSY_API
1009,Kishtwar,JK,0.802,3149,2525,PMGSY_API
1010,Kulgam,JK,0.705,2943,2074,PMGSY_API
1011,Kupwara,JK,0.697,2951,2056,PMGSY_API
1012,Poonch,JK,0.817,2678,2187,PMGSY_API
1013,Pulwama,JK,0.695,3736,2596,PMGSY_API
1014,Rajouri,JK,0.899,3080,2768,PMGSY_API
1015,Ramban,JK,0.885,2525,2234,PMGSY_API
1016,Reasi,JK,0.61,2345,1430,PMGSY_API
1017,Samba,JK,0.828,3602,2982,PMGSY_API
1018,Shopian,JK,0.662,3404,2253,PMGSY_API
1019,Srinagar,JK,0.752,2933,2205,PMGSY_API
1020,Udhampur,JK,0.557,3434,1912,PMGSY_API
37001,Kargil,LA,0.833,294,244,PMGSY_API
37002,Leh,LA,0.726,282,204,PMGSY_API
31001,Lakshadweep,LD,0.807,515,415,PMGSY_API
34001,Karaikal,PY,0.821,1648,1353,PMGSY_API
34002,Mahe,PY,0.558,1508,841,PMGSY_API
34003,Puducherry,PY,0.843,1449,1221,PMGSY_API
34004,Yanam,PY,0.77,1846,1421,PMGSY_API
