lgd_code,district_name,state_code,swachh_odf_status,odf_plus_villages_pct,ihhl_coverage_pct,source_tag
28001,Alluri Sitharama Raju,AP,0,78.7,78.8,SWACHH_API
28002,Anakapalli,AP,0,91.6,94.4,SWACHH_API
28003,Ananthapuramu,AP,1,95.1,96.4,SWACHH_API
28004,Annamayya,AP,0,79.4,81.5,SWACHH_API
28005,Bapatla,AP,0,89.7,89.8,SWACHH_API
28006,Chittoor,AP,0,86.2,87.2,SWACHH_API
28007,Dr. B.R. Ambedkar Konaseema,AP,1,97.0,99.6,SWACHH_API
28008,East Godavari,AP,0,81.6,85.3,SWACHH_API
28009,Eluru,AP,0,90.5,90.8,SWACHH_API
28010,Guntur,AP,0,90.0,93.2,SWACHH_API
28011,Kakinada,AP,0,94.3,94.3,SWACHH_API
28012,Krishna,AP,1,97.4,98.7,SWACHH_API
28013,Kurnool,AP,0,89.8,93.7,SWACHH_API
28014,Nandyal,AP,0,80.7,83.4,SWACHH_API
28015,NTR,AP,0,92.6,96.4,SWACHH_API
28016,Palnadu,AP,1,98.2,100.0,SWACHH_API
28017,Parvathipuram Manyam,AP,0,79.8,80.4,SWACHH_API
28018,Prakasam,AP,0,78.6,80.2,SWACHH_API
28019,Srikakulam,AP,0,82.9,83.1,SWACHH_API
28020,Sri Potti Sriramulu Nellore,AP,0,91.0,93.8,SWACHH_API
28021,Sri Sathya Sai,AP,1,96.2,97.2,SWACHH_API
28022,Tirupati,AP,1,95.4,98.2,SWACHH_API
28023,Visakhapatnam,AP,0,85.9,86.4,SWACHH_API
28024,Vizianagaram,AP,0,90.3,92.8,SWACHH_API
28025,West Godavari,AP,0,93.1,95.6,SWACHH_API
28026,Y.S.R. Kadapa,AP,0,83.0,85.3,SWACHH_API
12001,Anjaw,AR,0,83.6,87.1,SWACHH_API
12002,Changlang,AR,0,88.2,90.2,SWACHH_API
12003,Dibang Valley,AR,0,88.7,90.2,SWACHH_API
12004,East Kameng,AR,1,97.2,100.0,SWACHH_API
12005,East Siang,AR,0,78.6,80.0,SWACHH_API
12006,Kamle,AR,0,93.2,97.2,SWACHH_API
12007,Kra Daadi,AR,0,92.2,94.5,SWACHH_API
12008,Kurung Kumey,AR,0,86.0,88.1,SWACHH_API
12009,Lepa Rada,AR,0,81.0,84.0,SWACHH_API
12010,Lohit,AR,0,92.1,93.4,SWACHH_API
12011,Longding,AR,0,94.3,96.2,SWACHH_API
12012,Lower Dibang Valley,AR,1,99.9,100.0,SWACHH_API
12013,Lower Siang,AR,0,90.9,91.4,SWACHH_API
12014,Lower Subansiri,AR,1,96.2,99.0,SWACHH_API
12015,Namsai,AR,0,88.7,91.7,SWACHH_API
12016,Pakke Kessang,AR,0,78.9,82.3,SWACHH_API
12017,Papum Pare,AR,1,95.1,97.7,SWACHH_API
12018,Shi Yomi,AR,0,79.6,81.1,SWACHH_API
12019,Siang,AR,0,91.4,92.9,SWACHH_API
12020,Tawang,AR,1,96.2,98.3,SWACHH_API
12021,Tirap,AR,1,95.8,97.4,SWACHH_API
12022,Upper Siang,AR,0,86.2,88.3,SWACHH_API
12023,Upper Subansiri,AR,0,88.4,90.3,SWACHH_API
12024,West Kameng,AR,0,90.6,92.7,SWACHH_API
12025,West Siang,AR,0,82.0,85.8,SWACHH_API
12026,Itanagar Capital Complex,AR,1,98.3,100.0,SWACHH_API
18001,Baksa,AS,0,91.4,91.7,SWACHH_API
18002,Barpeta,AS,0,81.0,83.0,SWACHH_API
18003,Biswanath,AS,0,90.2,92.4,SWACHH_API
18004,Bongaigaon,AS,0,81.6,85.4,SWACHH_API
18005,Cachar,AS,0,90.6,94.2,SWACHH_API
18006,Charaideo,AS,0,81.1,84.6,SWACHH_API
18007,Chirang,AS,0,80.4,81.9,SWACHH_API
18008,Darrang,AS,1,95.7,99.3,SWACHH_API
18009,Dhemaji,AS,0,90.8,93.3,SWACHH_API
18010,Dhubri,AS,0,76.6,79.3,SWACHH_API
18011,Dibrugarh,AS,1,95.7,98.6,SWACHH_API
18012,Dima Hasao,AS,1,97.3,100.0,SWACHH_API
18013,Goalpara,AS,0,90.0,93.4,SWACHH_API
18014,Golaghat,AS,0,94.6,97.5,SWACHH_API
18015,Hailakandi,AS,1,96.2,98.6,SWACHH_API
18016,Hojai,AS,0,84.8,84.8,SWACHH_API
18017,Jorhat,AS,0,80.6,81.1,SWACHH_API
18018,Kamrup,AS,0,87.7,90.8,SWACHH_API
18019,Kamrup Metropolitan,AS,0,87.2,90.2,SWACHH_API
18020,Karbi Anglong,AS,0,93.9,97.4,SWACHH_API
18021,Karimganj,AS,0,82.5,86.0,SWACHH_API
18022,Kokrajhar,AS,1,99.8,100.0,SWACHH_API
18023,Lakhimpur,AS,0,87.5,91.2,SWACHH_API
18024,Majuli,AS,0,92.2,96.1,SWACHH_API
18025,Morigaon,AS,1,97.7,98.3,SWACHH_API
18026,Nagaon,AS,0,79.8,82.3,SWACHH_API
18027,Nalbari,AS,0,90.6,91.2,SWACHH_API
18028,Sivasagar,AS,0,93.3,94.9,SWACHH_API
18029,Sonitpur,AS,0,84.7,86.4,SWACHH_API
18030,South Salmara-Mankachar,AS,0,79.6,80.0,SWACHH_API
18031,Tinsukia,AS,0,93.9,94.1,SWACHH_API
18032,Udalguri,AS,1,95.8,99.3,SWACHH_API
18033,West Karbi Anglong,AS,0,87.2,87.9,SWACHH_API
18034,Bajali,AS,0,84.4,85.1,SWACHH_API
18035,Tamulpur,AS,1,95.1,97.5,SWACHH_API
10001,Araria,BR,1,97.1,100.0,SWACHH_API
10002,Arwal,BR,1,99.3,100.0,SWACHH_API
10003,Aurangabad,BR,0,86.2,87.8,SWACHH_API
10004,Banka,BR,0,94.6,95.2,SWACHH_API
10005,Begusarai,BR,1,96.7,98.8,SWACHH_API
10006,Bhagalpur,BR,0,83.8,87.0,SWACHH_API
10007,Bhojpur,BR,0,88.0,91.0,SWACHH_API
10008,Buxar,BR,0,89.0,90.0,SWACHH_API
10009,Darbhanga,BR,1,97.8,100.0,SWACHH_API
10010,East Champaran,BR,0,93.3,96.3,SWACHH_API
10011,Gaya,BR,0,80.9,84.6,SWACHH_API
10012,Gopalganj,BR,0,81.3,82.9,SWACHH_API
10013,Jamui,BR,1,95.8,99.0,SWACHH_API
10014,Jehanabad,BR,1,95.5,97.7,SWACHH_API
10015,Kaimur,BR,0,94.2,96.5,SWACHH_API
10016,Katihar,BR,0,85.3,86.7,SWACHH_API
10017,Khagaria,BR,1,95.3,96.0,SWACHH_API
10018,Kishanganj,BR,0,94.0,94.8,SWACHH_API
10019,Lakhisarai,BR,0,86.3,89.9,SWACHH_API
10020,Madhepura,BR,0,84.5,85.3,SWACHH_API
10021,Madhubani,BR,0,89.9,92.1,SWACHH_API
10022,Munger,BR,0,93.0,93.6,SWACHH_API
10023,Muzaffarpur,BR,1,97.4,100.0,SWACHH_API
10024,Nalanda,BR,1,96.2,98.8,SWACHH_API
10025,Nawada,BR,0,86.7,87.7,SWACHH_API
10026,Patna,BR,0,81.8,84.2,SWACHH_API
10027,Purnia,BR,0,83.7,84.9,SWACHH_API
10028,Rohtas,BR,0,89.2,92.7,SWACHH_API
10029,Saharsa,BR,0,80.6,82.3,SWACHH_API
10030,Samastipur,BR,0,86.9,87.1,SWACHH_API
10031,Saran,BR,0,85.9,89.6,SWACHH_API
10032,Sheikhpura,BR,0,93.3,95.9,SWACHH_API
10033,Sheohar,BR,1,98.0,98.6,SWACHH_API
10034,Sitamarhi,BR,0,94.1,94.6,SWACHH_API
10035,Siwan,BR,1,97.5,100.0,SWACHH_API
10036,Supaul,BR,1,97.1,98.1,SWACHH_API
10037,Vaishali,BR,0,88.0,91.3,SWACHH_API
10038,West Champaran,BR,0,86.6,89.5,SWACHH_API
22001,Balod,CG,1,99.5,100.0,SWACHH_API
22002,Baloda Bazar,CG,0,80.5,82.8,SWACHH_API
22003,Balrampur,CG,0,94.3,96.5,SWACHH_API
22004,Bastar,CG,0,84.5,85.2,SWACHH_API
22005,Bemetara,CG,0,79.5,81.6,SWACHH_API
22006,Bijapur,CG,0,78.5,80.6,SWACHH_API
22007,Bilaspur,CG,0,88.1,88.3,SWACHH_API
22008,Dantewada,CG,0,78.7,81.7,SWACHH_API
22009,Dhamtari,CG,0,81.1,82.1,SWACHH_API
22010,Durg,CG,0,90.5,91.2,SWACHH_API
22011,Gariaband,CG,1,95.9,96.8,SWACHH_API
22012,Gaurela Pendra Marwahi,CG,1,99.3,100.0,SWACHH_API
22013,Janjgir Champa,CG,0,89.4,91.5,SWACHH_API
22014,Jashpur,CG,0,90.6,90.8,SWACHH_API
22015,Kabirdham,CG,0,85.5,86.4,SWACHH_API
22016,Kanker,CG,0,87.4,90.5,SWACHH_API
22017,Kondagaon,CG,0,90.9,93.2,SWACHH_API
22018,Korba,CG,0,93.1,95.6,SWACHH_API
22019,Koriya,CG,0,89.2,91.9,SWACHH_API
22020,Mahasamund,CG,0,80.3,84.1,SWACHH_API
22021,Manendragarh Chirmiri Bharatpur,CG,0,78.2,78.6,SWACHH_API
22022,Mohla Manpur Ambagarh Chowki,CG,0,91.5,91.7,SWACHH_API
22023,Mungeli,CG,0,78.3,79.6,SWACHH_API
22024,Narayanpur,CG,0,81.3,83.3,SWACHH_API
22025,Raigarh,CG,0,82.4,83.1,SWACHH_API
22026,Raipur,CG,1,97.0,100.0,SWACHH_API
22027,Rajnandgaon,CG,0,91.8,91.9,SWACHH_API
22028,Sakti,CG,0,84.7,88.1,SWACHH_API
22029,Sarangarh Bilaigarh,CG,1,95.8,98.8,SWACHH_API
22030,Sukma,CG,1,100.0,100.0,SWACHH_API
22031,Surajpur,CG,0,85.1,88.8,SWACHH_API
22032,Surguja,CG,1,98.5,98.7,SWACHH_API
22033,Khairagarh Chhuikhadan Gandai,CG,1,96.3,96.6,SWACHH_API
30001,North Goa,GA,0,79.5,83.0,SWACHH_API
30002,South Goa,GA,0,91.6,94.9,SWACHH_API
24001,Ahmedabad,GJ,0,91.2,93.4,SWACHH_API
24002,Amreli,GJ,1,95.0,98.7,SWACHH_API
24003,Anand,GJ,0,86.4,87.7,SWACHH_API
24004,Aravalli,GJ,1,95.3,97.2,SWACHH_API
24005,Banaskantha,GJ,0,92.4,93.8,SWACHH_API
24006,Bharuch,GJ,0,94.5,98.5,SWACHH_API
24007,Bhavnagar,GJ,1,97.9,98.3,SWACHH_API
24008,Botad,GJ,0,85.5,88.4,SWACHH_API
24009,Chhota Udaipur,GJ,0,90.3,91.6,SWACHH_API
24010,Dahod,GJ,0,89.1,90.6,SWACHH_API
24011,Dang,GJ,1,98.7,100.0,SWACHH_API
24012,Devbhumi Dwarka,GJ,0,92.2,92.9,SWACHH_API
24013,Gandhinagar,GJ,0,90.1,91.4,SWACHH_API
24014,Gir Somnath,GJ,0,87.7,91.2,SWACHH_API
24015,Jamnagar,GJ,0,78.8,82.4,SWACHH_API
24016,Junagadh,GJ,0,91.7,93.7,SWACHH_API
24017,Kheda,GJ,0,94.9,96.5,SWACHH_API
24018,Kutch,GJ,0,85.3,85.6,SWACHH_API
24019,Mahisagar,GJ,0,78.5,79.3,SWACHH_API
24020,Mehsana,GJ,0,92.1,93.2,SWACHH_API
24021,Morbi,GJ,0,87.4,89.8,SWACHH_API
24022,Narmada,GJ,0,93.4,96.9,SWACHH_API
24023,Navsari,GJ,0,91.0,94.1,SWACHH_API
24024,Panchmahal,GJ,0,92.0,92.6,SWACHH_API
24025,Patan,GJ,0,85.9,86.8,SWACHH_API
24026,Porbandar,GJ,0,87.1,89.5,SWACHH_API
24027,Rajkot,GJ,1,95.1,98.7,SWACHH_API
24028,Sabarkantha,GJ,0,79.4,79.6,SWACHH_API
24029,Surat,GJ,0,79.9,80.5,SWACHH_API
24030,Surendranagar,GJ,1,98.4,100.0,SWACHH_API
24031,Tapi,GJ,0,78.3,80.1,SWACHH_API
24032,Vadodara,GJ,0,84.1,87.2,SWACHH_API
24033,Valsad,GJ,0,83.5,84.1,SWACHH_API
6001,Ambala,HR,1,99.1,100.0,SWACHH_API
6002,Bhiwani,HR,1,95.9,97.3,SWACHH_API
6003,Charkhi Dadri,HR,0,91.4,94.7,SWACHH_API
6004,Faridabad,HR,0,90.8,93.3,SWACHH_API
6005,Fatehabad,HR,0,85.7,86.2,SWACHH_API
6006,Gurugram,HR,1,98.3,100.0,SWACHH_API
6007,Hisar,HR,0,85.9,86.0,SWACHH_API
6008,Jhajjar,HR,0,82.9,86.6,SWACHH_API
6009,Jind,HR,0,90.5,92.4,SWACHH_API
6010,Kaithal,HR,0,86.0,86.7,SWACHH_API
6011,Karnal,HR,1,96.2,97.7,SWACHH_API
6012,Kurukshetra,HR,0,78.5,81.7,SWACHH_API
6013,Mahendragarh,HR,0,89.8,92.6,SWACHH_API
6014,Nuh,HR,0,90.0,91.2,SWACHH_API
6015,Palwal,HR,0,82.3,85.0,SWACHH_API
6016,Panchkula,HR,1,97.7,100.0,SWACHH_API
6017,Panipat,HR,0,88.2,89.3,SWACHH_API
6018,Rewari,HR,0,90.8,93.6,SWACHH_API
6019,Rohtak,HR,0,81.0,82.6,SWACHH_API
6020,Sirsa,HR,0,93.6,94.5,SWACHH_API
6021,Sonipat,HR,1,97.8,98.2,SWACHH_API
6022,Yamunanagar,HR,0,92.8,96.7,SWACHH_API
2001,Bilaspur,HP,1,98.7,100.0,SWACHH_API
2002,Chamba,HP,1,98.8,100.0,SWACHH_API
2003,Hamirpur,HP,0,88.8,92.2,SWACHH_API
2004,Kangra,HP,1,96.8,98.8,SWACHH_API
2005,Kinnaur,HP,0,81.7,84.3,SWACHH_API
2006,Kullu,HP,0,84.3,85.9,SWACHH_API
2007,Lahaul and Spiti,HP,0,82.1,85.4,SWACHH_API
2008,Mandi,HP,0,86.9,87.9,SWACHH_API
2009,Shimla,HP,0,86.7,87.6,SWACHH_API
2010,Sirmaur,HP,0,89.7,91.9,SWACHH_API
2011,Solan,HP,0,87.7,91.4,SWACHH_API
2012,Una,HP,0,91.2,93.0,SWACHH_API
20001,Bokaro,JH,1,95.6,96.3,SWACHH_API
20002,Chatra,JH,0,82.9,86.2,SWACHH_API
20003,Deoghar,JH,0,93.6,94.0,SWACHH_API
20004,Dhanbad,JH,0,89.7,89.9,SWACHH_API
20005,Dumka,JH,0,93.5,97.2,SWACHH_API
20006,East Singhbhum,JH,0,78.6,80.2,SWACHH_API
20007,Garhwa,JH,0,90.0,91.0,SWACHH_API
20008,Giridih,JH,0,80.0,80.7,SWACHH_API
20009,Godda,JH,0,89.2,92.1,SWACHH_API
20010,Gumla,JH,0,89.8,90.5,SWACHH_API
20011,Hazaribagh,JH,0,89.8,90.4,SWACHH_API
20012,Jamtara,JH,0,93.9,97.4,SWACHH_API
20013,Khunti,JH,0,93.7,96.4,SWACHH_API
20014,Koderma,JH,0,87.5,88.4,SWACHH_API
20015,Latehar,JH,1,97.2,98.4,SWACHH_API
20016,Lohardaga,JH,1,95.6,97.4,SWACHH_API
20017,Pakur,JH,0,93.4,94.7,SWACHH_API
20018,Palamu,JH,0,90.1,90.7,SWACHH_API
20019,Ramgarh,JH,0,84.6,86.9,SWACHH_API
20020,Ranchi,JH,0,93.2,94.9,SWACHH_API
20021,Sahebganj,JH,0,81.1,84.8,SWACHH_API
20022,Seraikela Kharsawan,JH,0,91.7,93.1,SWACHH_API
20023,Simdega,JH,1,95.3,98.9,SWACHH_API
20024,West Singhbhum,JH,0,84.6,88.2,SWACHH_API
29001,Bagalkote,KA,0,90.5,92.5,SWACHH_API
29002,Ballari,KA,0,81.6,82.0,SWACHH_API
29003,Belagavi,KA,0,81.8,83.8,SWACHH_API
29004,Bengaluru Rural,KA,0,82.2,85.4,SWACHH_API
29005,Bengaluru Urban,KA,1,97.4,100.0,SWACHH_API
29006,Bidar,KA,0,86.6,89.8,SWACHH_API
29007,Chamarajanagara,KA,0,94.8,95.1,SWACHH_API
29008,Chikkaballapura,KA,0,91.6,94.7,SWACHH_API
29009,Chikkamagaluru,KA,0,81.2,82.7,SWACHH_API
29010,Chitradurga,KA,1,95.4,95.4,SWACHH_API
29011,Dakshina Kannada,KA,0,93.8,94.5,SWACHH_API
29012,Davanagere,KA,0,85.0,88.7,SWACHH_API
29013,Dharwad,KA,0,89.6,91.5,SWACHH_API
29014,Gadag,KA,0,86.1,86.2,SWACHH_API
29015,Hassan,KA,0,84.6,86.2,SWACHH_API
29016,Haveri,KA,0,86.2,90.0,SWACHH_API
29017,Kalaburagi,KA,0,88.4,91.0,SWACHH_API
29018,Kodagu,KA,0,82.5,85.8,SWACHH_API
29019,Kolar,KA,1,96.7,99.2,SWACHH_API
29020,Koppal,KA,0,82.6,85.2,SWACHH_API
29021,Mandya,KA,0,81.7,82.8,SWACHH_API
29022,Mysuru,KA,1,96.1,99.9,SWACHH_API
29023,Raichur,KA,0,79.5,81.9,SWACHH_API
29024,Ramanagara,KA,0,89.1,89.2,SWACHH_API
29025,Shivamogga,KA,0,94.1,94.3,SWACHH_API
29026,Tumakuru,KA,0,83.4,84.5,SWACHH_API
29027,Udupi,KA,0,88.0,88.3,SWACHH_API
29028,Uttara Kannada,KA,0,85.7,87.2,SWACHH_API
29029,Vijayapura,KA,0,79.8,80.5,SWACHH_API
29030,Yadgir,KA,0,87.2,87.9,SWACHH_API
29031,Vijayanagara,KA,0,94.7,98.5,SWACHH_API
32001,Alappuzha,KL,1,97.2,100.0,SWACHH_API
32002,Ernakulam,KL,1,98.7,100.0,SWACHH_API
32003,Idukki,KL,0,78.6,80.1,SWACHH_API
32004,Kannur,KL,0,80.5,83.5,SWACHH_API
32005,Kasaragod,KL,1,96.4,98.8,SWACHH_API
32006,Kollam,KL,1,96.8,100.0,SWACHH_API
32007,Kottayam,KL,0,84.4,87.4,SWACHH_API
32008,Kozhikode,KL,0,93.1,94.6,SWACHH_API
32009,Malappuram,KL,0,85.2,87.4,SWACHH_API
32010,Palakkad,KL,0,83.6,84.1,SWACHH_API
32011,Pathanamthitta,KL,0,82.7,85.1,SWACHH_API
32012,Thiruvananthapuram,KL,1,95.3,96.3,SWACHH_API
32013,Thrissur,KL,0,84.2,84.4,SWACHH_API
32014,Wayanad,KL,1,99.7,100.0,SWACHH_API
23001,Agar Malwa,MP,1,100.0,100.0,SWACHH_API
23002,Alirajpur,MP,0,86.3,90.0,SWACHH_API
23003,Anuppur,MP,0,82.1,84.1,SWACHH_API
23004,Ashoknagar,MP,0,86.7,87.3,SWACHH_API
23005,Balaghat,MP,1,99.5,100.0,SWACHH_API
23006,Barwani,MP,0,87.4,87.6,SWACHH_API
23007,Betul,MP,0,86.0,86.1,SWACHH_API
23008,Bhind,MP,0,88.4,89.0,SWACHH_API
23009,Bhopal,MP,0,93.1,93.8,SWACHH_API
23010,Burhanpur,MP,0,80.9,84.8,SWACHH_API
23011,Chhatarpur,MP,0,86.4,88.9,SWACHH_API
23012,Chhindwara,MP,0,82.1,83.9,SWACHH_API
23013,Damoh,MP,0,81.1,84.4,SWACHH_API
23014,Datia,MP,0,82.9,83.2,SWACHH_API
23015,Dewas,MP,1,95.1,96.9,SWACHH_API
23016,Dhar,MP,0,86.5,88.8,SWACHH_API
23017,Dindori,MP,0,93.3,96.1,SWACHH_API
23018,Guna,MP,1,97.4,99.4,SWACHH_API
23019,Gwalior,MP,0,84.9,85.6,SWACHH_API
23020,Harda,MP,1,98.8,99.9,SWACHH_API
23021,Hoshangabad,MP,0,92.4,96.3,SWACHH_API
23022,Indore,MP,1,95.2,96.5,SWACHH_API
23023,Jabalpur,MP,0,86.2,87.3,SWACHH_API
23024,Jhabua,MP,0,94.9,96.2,SWACHH_API
23025,Katni,MP,0,79.5,82.3,SWACHH_API
23026,Khandwa,MP,0,91.6,95.4,SWACHH_API
23027,Khargone,MP,0,82.6,86.4,SWACHH_API
23028,Mandla,MP,1,98.6,99.0,SWACHH_API
23029,Mandsaur,MP,0,82.9,84.0,SWACHH_API
23030,Morena,MP,1,99.5,100.0,SWACHH_API
23031,Narsinghpur,MP,1,95.1,96.0,SWACHH_API
23032,Neemuch,MP,0,87.1,87.9,SWACHH_API
23033,Niwari,MP,0,86.0,86.6,SWACHH_API
23034,Panna,MP,1,97.4,100.0,SWACHH_API
23035,Raisen,MP,1,95.1,95.1,SWACHH_API
23036,Rajgarh,MP,0,80.7,82.2,SWACHH_API
23037,Ratlam,MP,0,93.3,97.2,SWACHH_API
23038,Rewa,MP,1,95.4,99.1,SWACHH_API
23039,Sagar,MP,0,88.9,90.8,SWACHH_API
23040,Satna,MP,0,80.2,80.6,SWACHH_API
23041,Sehore,MP,0,79.1,79.6,SWACHH_API
23042,Seoni,MP,0,93.1,93.8,SWACHH_API
23043,Shahdol,MP,0,80.2,82.2,SWACHH_API
23044,Shajapur,MP,0,87.5,91.2,SWACHH_API
23045,Sheopur,MP,0,89.0,89.6,SWACHH_API
23046,Shivpuri,MP,0,94.1,95.3,SWACHH_API
23047,Sidhi,MP,1,97.3,99.1,SWACHH_API
23048,Singrauli,MP,1,95.8,96.0,SWACHH_API
23049,Tikamgarh,MP,0,82.4,85.9,SWACHH_API
23050,Ujjain,MP,0,82.4,82.8,SWACHH_API
23051,Umaria,MP,0,89.1,90.7,SWACHH_API
23052,Vidisha,MP,0,86.9,87.5,SWACHH_API
23053,Mauganj,MP,0,86.3,87.1,SWACHH_API
23054,Maihar,MP,0,90.5,93.0,SWACHH_API
23055,Pandhurna,MP,1,98.5,98.7,SWACHH_API
27001,Ahmednagar,MH,0,87.2,90.8,SWACHH_API
27002,Akola,MH,0,80.5,84.1,SWACHH_API
27003,Amravati,MH,0,92.5,96.3,SWACHH_API
27004,Chhatrapati Sambhajinagar,MH,0,80.7,80.8,SWACHH_API
27005,Beed,MH,0,84.1,87.1,SWACHH_API
27006,Bhandara,MH,1,99.8,100.0,SWACHH_API
27007,Buldhana,MH,0,87.0,90.6,SWACHH_API
27008,Chandrapur,MH,1,96.7,97.6,SWACHH_API
27009,Dhule,MH,0,84.9,88.0,SWACHH_API
27010,Gadchiroli,MH,0,84.4,87.5,SWACHH_API
27011,Gondia,MH,0,85.5,87.5,SWACHH_API
27012,Hingoli,MH,0,84.5,85.8,SWACHH_API
27013,Jalgaon,MH,0,93.9,94.8,SWACHH_API
27014,Jalna,MH,0,84.4,85.4,SWACHH_API
27015,Kolhapur,MH,0,80.6,80.9,SWACHH_API
27016,Latur,MH,0,77.5,79.8,SWACHH_API
27017,Mumbai City,MH,0,82.0,83.2,SWACHH_API
27018,Mumbai Suburban,MH,0,78.6,82.0,SWACHH_API
27019,Nagpur,MH,0,86.3,87.7,SWACHH_API
27020,Nanded,MH,0,93.1,96.4,SWACHH_API
27021,Nandurbar,MH,0,92.4,92.8,SWACHH_API
27022,Nashik,MH,1,97.0,97.6,SWACHH_API
27023,Dharashiv,MH,0,84.9,85.2,SWACHH_API
27024,Palghar,MH,0,86.2,88.3,SWACHH_API
27025,Parbhani,MH,0,91.1,94.6,SWACHH_API
27026,Pune,MH,0,91.3,93.8,SWACHH_API
27027,Raigad,MH,0,89.7,93.5,SWACHH_API
27028,Ratnagiri,MH,0,82.3,85.9,SWACHH_API
27029,Sangli,MH,0,93.7,97.1,SWACHH_API
27030,Satara,MH,0,89.0,90.8,SWACHH_API
27031,Sindhudurg,MH,0,79.8,83.1,SWACHH_API
27032,Solapur,MH,0,86.5,89.3,SWACHH_API
27033,Thane,MH,1,97.1,98.4,SWACHH_API
27034,Wardha,MH,0,83.9,84.6,SWACHH_API
27035,Washim,MH,0,81.4,81.4,SWACHH_API
27036,Yavatmal,MH,0,81.9,83.9,SWACHH_API
14001,Bishnupur,MN,0,92.4,93.0,SWACHH_API
14002,Chandel,MN,1,98.6,100.0,SWACHH_API
14003,Churachandpur,MN,0,79.8,82.3,SWACHH_API
14004,Imphal East,MN,0,93.9,97.5,SWACHH_API
14005,Imphal West,MN,0,84.0,86.5,SWACHH_API
14006,Jiribam,MN,1,99.3,100.0,SWACHH_API
14007,Kakching,MN,0,84.4,88.3,SWACHH_API
14008,Kamjong,MN,0,94.8,95.2,SWACHH_API
14009,Kangpokpi,MN,0,86.1,89.8,SWACHH_API
14010,Noney,MN,1,97.0,98.0,SWACHH_API
14011,Pherzawl,MN,0,92.4,94.3,SWACHH_API
14012,Senapati,MN,0,87.7,90.5,SWACHH_API
14013,Tamenglong,MN,0,88.6,88.9,SWACHH_API
14014,Tengnoupal,MN,0,89.8,91.6,SWACHH_API
14015,Thoubal,MN,0,79.1,81.0,SWACHH_API
14016,Ukhrul,MN,0,83.8,86.5,SWACHH_API
17001,East Garo Hills,ML,0,93.1,95.8,SWACHH_API
17002,East Jaintia Hills,ML,0,78.1,79.7,SWACHH_API
17003,East Khasi Hills,ML,1,95.2,98.0,SWACHH_API
17004,Eastern West Khasi Hills,ML,0,93.2,96.7,SWACHH_API
17005,North Garo Hills,ML,1,99.9,100.0,SWACHH_API
17006,Ri Bhoi,ML,0,85.5,88.8,SWACHH_API
17007,South Garo Hills,ML,0,78.9,79.2,SWACHH_API
17008,South West Garo Hills,ML,1,99.3,100.0,SWACHH_API
17009,South West Khasi Hills,ML,0,92.3,92.4,SWACHH_API
17010,West Garo Hills,ML,1,95.3,96.9,SWACHH_API
17011,West Jaintia Hills,ML,1,95.8,99.4,SWACHH_API
17012,West Khasi Hills,ML,0,90.7,91.2,SWACHH_API
15001,Aizawl,MZ,0,87.7,89.8,SWACHH_API
15002,Champhai,MZ,0,79.8,81.4,SWACHH_API
15003,Hnahthial,MZ,0,81.3,84.7,SWACHH_API
15004,Khawzawl,MZ,0,87.2,88.6,SWACHH_API
15005,Kolasib,MZ,0,93.8,94.0,SWACHH_API
15006,Lawngtlai,MZ,0,85.2,86.6,SWACHH_API
15007,Lunglei,MZ,0,78.9,80.7,SWACHH_API
15008,Mamit,MZ,0,83.8,86.9,SWACHH_API
15009,Saiha,MZ,1,97.7,99.0,SWACHH_API
15010,Saitual,MZ,0,85.1,86.1,SWACHH_API
15011,Serchhip,MZ,1,99.6,100.0,SWACHH_API
13001,Chumoukedima,NL,0,79.2,80.9,SWACHH_API
13002,Dimapur,NL,1,97.3,99.5,SWACHH_API
13003,Kiphire,NL,0,88.4,89.6,SWACHH_API
13004,Kohima,NL,0,86.2,88.7,SWACHH_API
13005,Longleng,NL,0,80.2,82.7,SWACHH_API
13006,Mokokchung,NL,0,89.5,90.6,SWACHH_API
13007,Mon,NL,0,79.1,80.6,SWACHH_API
13008,Niuland,NL,0,83.3,87.2,SWACHH_API
13009,Noklak,NL,0,93.2,93.7,SWACHH_API
13010,Peren,NL,0,78.8,79.0,SWACHH_API
13011,Phek,NL,0,89.1,90.4,SWACHH_API
13012,Shamator,NL,0,82.9,83.2,SWACHH_API
13013,Tseminyu,NL,0,78.5,80.3,SWACHH_API
13014,Tuensang,NL,0,94.8,95.7,SWACHH_API
13015,Wokha,NL,0,81.3,84.3,SWACHH_API
13016,Zunheboto,NL,0,84.4,88.0,SWACHH_API
21001,Angul,OD,0,82.0,85.8,SWACHH_API
21002,Balangir,OD,0,89.3,89.4,SWACHH_API
21003,Balasore,OD,1,95.7,97.3,SWACHH_API
21004,Bargarh,OD,1,95.8,96.4,SWACHH_API
21005,Bhadrak,OD,0,84.3,84.5,SWACHH_API
21006,Boudh,OD,1,99.3,99.6,SWACHH_API
21007,Cuttack,OD,0,84.9,87.2,SWACHH_API
21008,Deogarh,OD,0,82.8,83.9,SWACHH_API
21009,Dhenkanal,OD,0,91.9,94.4,SWACHH_API
21010,Gajapati,OD,1,95.2,98.0,SWACHH_API
21011,Ganjam,OD,0,78.1,80.3,SWACHH_API
21012,Jagatsinghpur,OD,0,87.3,91.3,SWACHH_API
21013,Jajpur,OD,0,78.8,81.1,SWACHH_API
21014,Jharsuguda,OD,0,80.5,81.5,SWACHH_API
21015,Kalahandi,OD,0,78.2,79.7,SWACHH_API
21016,Kandhamal,OD,1,95.7,96.5,SWACHH_API
21017,Kendrapara,OD,0,91.1,94.9,SWACHH_API
21018,Kendujhar,OD,1,98.5,99.0,SWACHH_API
21019,Khordha,OD,1,97.7,100.0,SWACHH_API
21020,Koraput,OD,1,97.8,99.1,SWACHH_API
21021,Malkangiri,OD,0,81.2,84.2,SWACHH_API
21022,Mayurbhanj,OD,1,96.0,97.6,SWACHH_API
21023,Nabarangpur,OD,1,95.1,98.9,SWACHH_API
21024,Nayagarh,OD,1,99.9,100.0,SWACHH_API
21025,Nuapada,OD,0,84.0,86.1,SWACHH_API
21026,Puri,OD,0,88.9,92.7,SWACHH_API
21027,Rayagada,OD,1,98.4,98.7,SWACHH_API
21028,Sambalpur,OD,0,88.6,90.5,SWACHH_API
21029,Subarnapur,OD,0,92.8,95.2,SWACHH_API
21030,Sundargarh,OD,0,85.2,87.2,SWACHH_API
3001,Amritsar,PB,0,84.7,86.3,SWACHH_API
3002,Barnala,PB,0,93.8,95.2,SWACHH_API
3003,Bathinda,PB,0,94.7,95.0,SWACHH_API
3004,Faridkot,PB,0,86.4,87.0,SWACHH_API
3005,Fatehgarh Sahib,PB,1,96.7,99.8,SWACHH_API
3006,Fazilka,PB,0,90.4,93.3,SWACHH_API
3007,Ferozepur,PB,0,91.5,93.6,SWACHH_API
3008,Gurdaspur,PB,1,95.0,97.1,SWACHH_API
3009,Hoshiarpur,PB,0,93.7,93.9,SWACHH_API
3010,Jalandhar,PB,0,84.6,86.1,SWACHH_API
3011,Kapurthala,PB,0,92.1,93.5,SWACHH_API
3012,Ludhiana,PB,0,91.5,93.0,SWACHH_API
3013,Malerkotla,PB,0,78.3,79.1,SWACHH_API
3014,Mansa,PB,1,97.8,99.1,SWACHH_API
3015,Moga,PB,0,80.2,83.2,SWACHH_API
3016,Muktsar,PB,0,81.6,83.1,SWACHH_API
3017,Pathankot,PB,0,79.8,83.5,SWACHH_API
3018,Patiala,PB,0,84.5,87.7,SWACHH_API
3019,Rupnagar,PB,0,93.6,95.1,SWACHH_API
3020,Sahibzada Ajit Singh Nagar,PB,1,99.7,100.0,SWACHH_API
3021,Sangrur,PB,1,95.6,97.8,SWACHH_API
3022,Shahid Bhagat Singh Nagar,PB,0,78.9,80.5,SWACHH_API
3023,Tarn Taran,PB,0,78.3,79.3,SWACHH_API
8001,Ajmer,RJ,0,87.9,91.0,SWACHH_API
8002,Alwar,RJ,1,95.4,98.5,SWACHH_API
8003,Anupgarh,RJ,1,99.3,100.0,SWACHH_API
8004,Balotra,RJ,1,99.6,100.0,SWACHH_API
8005,Banswara,RJ,0,93.7,95.9,SWACHH_API
8006,Baran,RJ,0,92.3,94.8,SWACHH_API
8007,Barmer,RJ,0,83.5,85.2,SWACHH_API
8008,Beawar,RJ,0,78.3,78.9,SWACHH_API
8009,Bharatpur,RJ,0,82.5,83.6,SWACHH_API
8010,Bhilwara,RJ,0,89.5,92.1,SWACHH_API
8011,Bikaner,RJ,0,82.1,83.8,SWACHH_API
8012,Bundi,RJ,0,87.1,89.8,SWACHH_API
8013,Chittorgarh,RJ,0,81.7,85.4,SWACHH_API
8014,Churu,RJ,0,80.9,81.8,SWACHH_API
8015,Dausa,RJ,0,83.9,86.6,SWACHH_API
8016,Deeg,RJ,0,90.8,91.0,SWACHH_API
8017,Dholpur,RJ,0,79.0,79.6,SWACHH_API
8018,Didwana Kuchaman,RJ,0,88.6,92.2,SWACHH_API
8019,Dudu,RJ,0,84.9,86.8,SWACHH_API
8020,Dungarpur,RJ,0,88.3,90.7,SWACHH_API
8021,Ganganagar,RJ,1,97.4,100.0,SWACHH_API
8022,Gangapurcity,RJ,0,88.2,92.0,SWACHH_API
8023,Hanumangarh,RJ,1,95.0,97.2,SWACHH_API
8024,Jaipur,RJ,0,81.1,83.5,SWACHH_API
8025,Jaipur Rural,RJ,1,96.9,99.0,SWACHH_API
8026,Jaisalmer,RJ,0,85.6,88.0,SWACHH_API
8027,Jalore,RJ,0,94.4,96.5,SWACHH_API
8028,Jhalawar,RJ,0,86.5,90.3,SWACHH_API
8029,Jhunjhunu,RJ,0,87.8,89.7,SWACHH_API
8030,Jodhpur,RJ,0,81.6,84.1,SWACHH_API
8031,Jodhpur Rural,RJ,0,84.8,85.6,SWACHH_API
8032,Karauli,RJ,0,93.9,96.6,SWACHH_API
8033,Kekri,RJ,0,92.5,94.8,SWACHH_API
8034,Khairthal Tijara,RJ,1,96.8,99.8,SWACHH_API
8035,Kota,RJ,0,88.0,90.1,SWACHH_API
8036,Kotputli Behror,RJ,0,91.8,92.0,SWACHH_API
8037,Nagaur,RJ,1,97.8,100.0,SWACHH_API
8038,Neem Ka Thana,RJ,0,87.5,89.3,SWACHH_API
8039,Pali,RJ,0,88.8,89.7,SWACHH_API
8040,Phalodi,RJ,0,83.2,83.8,SWACHH_API
8041,Pratapgarh,RJ,0,85.2,87.6,SWACHH_API
8042,Rajsamand,RJ,0,91.3,93.5,SWACHH_API
8043,Salumbar,RJ,0,88.2,90.4,SWACHH_API
8044,Sanchore,RJ,0,94.0,94.2,SWACHH_API
8045,Sawai Madhopur,RJ,1,99.1,100.0,SWACHH_API
8046,Shahpura,RJ,0,86.0,87.1,SWACHH_API
8047,Sikar,RJ,0,79.9,80.3,SWACHH_API
8048,Sirohi,RJ,0,88.0,88.5,SWACHH_API
8049,Tonk,RJ,0,87.7,89.7,SWACHH_API
8050,Udaipur,RJ,0,86.2,87.1,SWACHH_API
11001,Gangtok,SK,0,93.2,96.8,SWACHH_API
11002,Gyalshing,SK,0,91.8,94.8,SWACHH_API
11003,Mangan,SK,0,91.6,94.3,SWACHH_API
11004,Namchi,SK,0,82.7,83.1,SWACHH_API
11005,Pakyong,SK,0,83.4,86.9,SWACHH_API
11006,Soreng,SK,1,98.1,100.0,SWACHH_API
33001,Ariyalur,TN,0,89.8,93.5,SWACHH_API
33002,Chengalpattu,TN,0,80.0,83.5,SWACHH_API
33003,Chennai,TN,0,80.3,82.8,SWACHH_API
33004,Coimbatore,TN,0,90.3,94.0,SWACHH_API
33005,Cuddalore,TN,0,80.1,81.2,SWACHH_API
33006,Dharmapuri,TN,0,87.5,88.4,SWACHH_API
33007,Dindigul,TN,0,81.2,84.8,SWACHH_API
33008,Erode,TN,0,86.8,87.4,SWACHH_API
33009,Kallakurichi,TN,0,82.4,83.2,SWACHH_API
33010,Kancheepuram,TN,0,89.5,91.4,SWACHH_API
33011,Kanniyakumari,TN,0,92.7,93.4,SWACHH_API
33012,Karur,TN,1,99.0,100.0,SWACHH_API
33013,Krishnagiri,TN,0,87.0,89.6,SWACHH_API
33014,Madurai,TN,0,89.2,93.1,SWACHH_API
33015,Mayiladuthurai,TN,0,79.9,82.5,SWACHH_API
33016,Nagapattinam,TN,0,85.8,88.4,SWACHH_API
33017,Namakkal,TN,0,84.9,87.1,SWACHH_API
33018,Nilgiris,TN,0,87.3,88.5,SWACHH_API
33019,Perambalur,TN,1,98.0,100.0,SWACHH_API
33020,Pudukkottai,TN,1,97.1,97.5,SWACHH_API
33021,Ramanathapuram,TN,1,99.5,100.0,SWACHH_API
33022,Ranipet,TN,0,85.2,85.2,SWACHH_API
33023,Salem,TN,0,88.8,88.9,SWACHH_API
33024,Sivaganga,TN,1,98.5,99.0,SWACHH_API
33025,Tenkasi,TN,0,89.8,93.7,SWACHH_API
33026,Thanjavur,TN,1,97.5,100.0,SWACHH_API
33027,Theni,TN,0,94.3,94.6,SWACHH_API
33028,Thoothukudi,TN,1,97.8,100.0,SWACHH_API
33029,Tiruchirappalli,TN,0,86.7,90.3,SWACHH_API
33030,Tirunelveli,TN,0,81.2,83.8,SWACHH_API
33031,Tirupathur,TN,0,83.6,86.9,SWACHH_API
33032,Tiruppur,TN,0,83.1,85.9,SWACHH_API
33033,Tiruvallur,TN,1,95.3,98.4,SWACHH_API
33034,Tiruvannamalai,TN,0,87.5,88.6,SWACHH_API
33035,Tiruvarur,TN,0,84.5,86.8,SWACHH_API
33036,Vellore,TN,0,80.8,84.3,SWACHH_API
33037,Viluppuram,TN,0,81.0,84.1,SWACHH_API
33038,Virudhunagar,TN,0,88.7,91.8,SWACHH_API
36001,Adilabad,TG,1,97.5,99.4,SWACHH_API
36002,Bhadradri Kothagudem,TG,1,97.5,97.8,SWACHH_API
36003,Hanamkonda,TG,0,84.4,86.7,SWACHH_API
36004,Hyderabad,TG,1,95.0,97.7,SWACHH_API
36005,Jagtial,TG,0,90.0,90.9,SWACHH_API
36006,Jangaon,TG,0,78.9,79.0,SWACHH_API
36007,Jayashankar Bhupalpally,TG,0,81.9,82.4,SWACHH_API
36008,Jogulamba Gadwal,TG,1,99.0,100.0,SWACHH_API
36009,Kamareddy,TG,0,87.4,90.4,SWACHH_API
36010,Karimnagar,TG,0,87.4,87.6,SWACHH_API
36011,Khammam,TG,0,81.5,83.5,SWACHH_API
36012,Kumuram Bheem Asifabad,TG,0,94.8,96.8,SWACHH_API
36013,Mahabubabad,TG,0,83.1,86.3,SWACHH_API
36014,Mahabubnagar,TG,0,89.5,91.5,SWACHH_API
36015,Mancherial,TG,0,93.4,97.3,SWACHH_API
36016,Medak,TG,0,84.1,87.0,SWACHH_API
36017,Medchal Malkajgiri,TG,0,86.2,89.2,SWACHH_API
36018,Mulugu,TG,1,99.5,100.0,SWACHH_API
36019,Nagarkurnool,TG,1,99.3,100.0,SWACHH_API
36020,Nalgonda,TG,1,96.6,99.9,SWACHH_API
36021,Narayanpet,TG,1,98.0,100.0,SWACHH_API
36022,Nirmal,TG,1,99.6,100.0,SWACHH_API
36023,Nizamabad,TG,0,80.8,80.9,SWACHH_API
36024,Peddapalli,TG,0,86.5,90.5,SWACHH_API
36025,Rajanna Sircilla,TG,1,98.2,99.7,SWACHH_API
36026,Ranga Reddy,TG,0,85.5,89.1,SWACHH_API
36027,Sangareddy,TG,0,94.0,95.9,SWACHH_API
36028,Siddipet,TG,0,94.0,95.4,SWACHH_API
36029,Suryapet,TG,0,87.4,89.3,SWACHH_API
36030,Vikarabad,TG,0,88.8,92.5,SWACHH_API
36031,Wanaparthy,TG,1,99.8,100.0,SWACHH_API
36032,Warangal,TG,0,90.3,92.5,SWACHH_API
36033,Yadadri Bhuvanagiri,TG,0,83.9,86.6,SWACHH_API
16001,Dhalai,TR,0,82.4,86.0,SWACHH_API
16002,Gomati,TR,0,83.2,85.7,SWACHH_API
16003,Khowai,TR,1,98.3,98.3,SWACHH_API
16004,North Tripura,TR,0,86.5,87.2,SWACHH_API
16005,Sepahijala,TR,0,90.5,94.2,SWACHH_API
16006,South Tripura,TR,1,97.3,100.0,SWACHH_API
16007,Unakoti,TR,0,88.5,92.1,SWACHH_API
16008,West Tripura,TR,0,94.1,97.6,SWACHH_API
9001,Agra,UP,0,84.5,85.1,SWACHH_API
9002,Aligarh,UP,0,94.6,97.8,SWACHH_API
9003,Ambedkar Nagar,UP,1,99.9,100.0,SWACHH_API
9004,Amethi,UP,0,84.1,87.9,SWACHH_API
9005,Amroha,UP,0,79.3,83.0,SWACHH_API
9006,Auraiya,UP,1,97.2,99.6,SWACHH_API
9007,Ayodhya,UP,0,90.2,90.4,SWACHH_API
9008,Azamgarh,UP,0,90.3,93.7,SWACHH_API
9009,Baghpat,UP,1,95.7,98.4,SWACHH_API
9010,Bahraich,UP,0,79.8,80.4,SWACHH_API
9011,Ballia,UP,0,78.9,79.9,SWACHH_API
9012,Balrampur,UP,0,93.6,95.8,SWACHH_API
9013,Banda,UP,0,92.0,95.0,SWACHH_API
9014,Barabanki,UP,0,87.8,90.2,SWACHH_API
9015,Bareilly,UP,1,95.8,99.4,SWACHH_API
9016,Basti,UP,1,95.4,97.3,SWACHH_API
9017,Bhadohi,UP,0,94.1,95.9,SWACHH_API
9018,Bijnor,UP,0,87.8,89.8,SWACHH_API
9019,Budaun,UP,0,91.6,92.3,SWACHH_API
9020,Bulandshahr,UP,0,83.6,85.9,SWACHH_API
9021,Chandauli,UP,0,86.7,87.2,SWACHH_API
9022,Chitrakoot,UP,0,94.2,98.2,SWACHH_API
9023,Deoria,UP,1,96.2,99.8,SWACHH_API
9024,Etah,UP,0,85.5,87.1,SWACHH_API
9025,Etawah,UP,1,97.8,100.0,SWACHH_API
9026,Farrukhabad,UP,0,83.2,87.1,SWACHH_API
9027,Fatehpur,UP,0,89.6,92.0,SWACHH_API
9028,Firozabad,UP,0,89.8,90.7,SWACHH_API
9029,Gautam Buddha Nagar,UP,0,84.7,88.4,SWACHH_API
9030,Ghaziabad,UP,1,97.6,100.0,SWACHH_API
9031,Ghazipur,UP,1,95.1,98.7,SWACHH_API
9032,Gonda,UP,0,89.9,91.7,SWACHH_API
9033,Gorakhpur,UP,0,83.4,85.6,SWACHH_API
9034,Hamirpur,UP,0,78.5,78.5,SWACHH_API
9035,Hapur,UP,0,93.8,97.3,SWACHH_API
9036,Hardoi,UP,1,96.5,100.0,SWACHH_API
9037,Hathras,UP,0,87.0,87.7,SWACHH_API
9038,Jalaun,UP,0,82.7,83.5,SWACHH_API
9039,Jaunpur,UP,1,98.6,100.0,SWACHH_API
9040,Jhansi,UP,0,91.0,93.0,SWACHH_API
9041,Kannauj,UP,1,95.3,95.6,SWACHH_API
9042,Kanpur Dehat,UP,0,84.8,85.4,SWACHH_API
9043,Kanpur Nagar,UP,0,87.5,89.4,SWACHH_API
9044,Kasganj,UP,1,95.6,97.4,SWACHH_API
9045,Kaushambi,UP,0,81.7,83.6,SWACHH_API
9046,Kheri,UP,0,87.8,89.3,SWACHH_API
9047,Kushinagar,UP,1,98.5,99.2,SWACHH_API
9048,Lalitpur,UP,0,79.9,81.9,SWACHH_API
9049,Lucknow,UP,0,90.6,92.3,SWACHH_API
9050,Maharajganj,UP,0,94.9,95.9,SWACHH_API
9051,Mahoba,UP,1,98.7,100.0,SWACHH_API
9052,Mainpuri,UP,1,99.4,100.0,SWACHH_API
9053,Mathura,UP,0,81.3,83.1,SWACHH_API
9054,Mau,UP,0,81.1,81.6,SWACHH_API
9055,Meerut,UP,0,90.5,90.8,SWACHH_API
9056,Mirzapur,UP,0,80.4,81.9,SWACHH_API
9057,Moradabad,UP,1,95.2,96.3,SWACHH_API
9058,Muzaffarnagar,UP,0,84.0,86.9,SWACHH_API
9059,Pilibhit,UP,0,81.2,82.9,SWACHH_API
9060,Pratapgarh,UP,0,79.8,79.9,SWACHH_API
9061,Prayagraj,UP,0,78.3,81.6,SWACHH_API
9062,Raebareli,UP,0,86.0,86.8,SWACHH_API
9063,Rampur,UP,1,97.7,100.0,SWACHH_API
9064,Saharanpur,UP,1,95.6,99.5,SWACHH_API
9065,Sambhal,UP,0,80.5,81.1,SWACHH_API
9066,Sant Kabir Nagar,UP,1,95.8,96.7,SWACHH_API
9067,Shahjahanpur,UP,0,88.8,90.5,SWACHH_API
9068,Shamli,UP,0,78.4,81.4,SWACHH_API
9069,Shrawasti,UP,1,95.1,95.4,SWACHH_API
9070,Siddharthnagar,UP,1,96.9,97.7,SWACHH_API
9071,Sitapur,UP,0,78.6,81.7,SWACHH_API
9072,Sonbhadra,UP,0,83.7,87.1,SWACHH_API
9073,Sultanpur,UP,0,90.7,94.5,SWACHH_API
9074,Unnao,UP,0,79.8,82.9,SWACHH_API
9075,Varanasi,UP,0,94.2,95.2,SWACHH_API
5001,Almora,UK,0,93.8,97.1,SWACHH_API
5002,Bageshwar,UK,0,81.8,82.1,SWACHH_API
5003,Chamoli,UK,0,83.0,85.9,SWACHH_API
5004,Champawat,UK,1,95.4,98.9,SWACHH_API
5005,Dehradun,UK,1,99.7,100.0,SWACHH_API
5006,Haridwar,UK,1,97.9,98.1,SWACHH_API
5007,Nainital,UK,0,80.1,81.1,SWACHH_API
5008,Pauri Garhwal,UK,0,89.9,90.1,SWACHH_API
5009,Pithoragarh,UK,0,90.9,91.6,SWACHH_API
5010,Rudraprayag,UK,0,91.3,94.6,SWACHH_API
5011,Tehri Garhwal,UK,0,88.2,89.7,SWACHH_API
5012,Udham Singh Nagar,UK,0,80.0,83.4,SWACHH_API
5013,Uttarkashi,UK,1,97.7,100.0,SWACHH_API
19001,Alipurduar,WB,0,88.9,92.0,SWACHH_API
19002,Bankura,WB,1,97.2,100.0,SWACHH_API
19003,Birbhum,WB,0,79.8,83.7,SWACHH_API
19004,Cooch Behar,WB,1,95.1,96.9,SWACHH_API
19005,Dakshin Dinajpur,WB,0,94.2,96.1,SWACHH_API
19006,Darjeeling,WB,1,96.6,100.0,SWACHH_API
19007,Hooghly,WB,0,90.8,94.2,SWACHH_API
19008,Howrah,WB,1,99.4,100.0,SWACHH_API
19009,Jalpaiguri,WB,0,79.2,81.9,SWACHH_API
19010,Jhargram,WB,0,80.0,83.1,SWACHH_API
19011,Kalimpong,WB,0,92.5,94.5,SWACHH_API
19012,Kolkata,WB,1,95.7,98.4,SWACHH_API
19013,Malda,WB,1,99.1,99.8,SWACHH_API
19014,Murshidabad,WB,0,78.4,81.2,SWACHH_API
19015,Nadia,WB,1,96.0,98.7,SWACHH_API
19016,North 24 Parganas,WB,1,95.4,96.7,SWACHH_API
19017,Paschim Bardhaman,WB,0,78.2,79.4,SWACHH_API
19018,Paschim Medinipur,WB,0,91.5,94.2,SWACHH_API
19019,Purba Bardhaman,WB,0,90.0,92.6,SWACHH_API
19020,Purba Medinipur,WB,0,85.0,86.9,SWACHH_API
19021,Purulia,WB,0,94.1,95.3,SWACHH_API
19022,South 24 Parganas,WB,0,80.0,80.7,SWACHH_API
19023,Uttar Dinajpur,WB,0,88.4,89.4,SWACHH_API
35001,Nicobars,AN,0,78.5,79.1,SWACHH_API
35002,North and Middle Andaman,AN,0,91.3,93.7,SWACHH_API
35003,South Andaman,AN,0,91.1,92.9,SWACHH_API
4001,Chandigarh,CH,0,94.0,97.2,SWACHH_API
26001,Dadra and Nagar Haveli,DD,0,86.7,86.9,SWACHH_API
26002,Daman,DD,0,86.1,89.4,SWACHH_API
26003,Diu,DD,0,91.9,93.5,SWACHH_API
7001,Central Delhi,DL,1,97.0,100.0,SWACHH_API
7002,East Delhi,DL,0,87.7,91.6,SWACHH_API
7003,New Delhi,DL,0,85.1,87.8,SWACHH_API
7004,North Delhi,DL,0,88.5,90.8,SWACHH_API
7005,North East Delhi,DL,0,78.5,78.5,SWACHH_API
7006,North West Delhi,DL,0,91.4,92.3,SWACHH_API
7007,Shahdara,DL,0,78.1,79.6,SWACHH_API
7008,South Delhi,DL,0,87.5,88.5,SWACHH_API
7009,South East Delhi,DL,1,96.5,98.9,SWACHH_API
7010,South West Delhi,DL,1,97.1,99.3,SWACHH_API
7011,West Delhi,DL,0,89.0,89.8,SWACHH_API
1001,Anantnag,JK,0,91.7,92.5,SWACHH_API
1002,Bandipora,JK,0,94.5,94.9,SWACHH_API
1003,Baramulla,JK,1,95.6,97.2,SWACHH_API
1004,Budgam,JK,1,95.1,96.2,SWACHH_API
1005,Doda,JK,1,99.7,100.0,SWACHH_API
1006,Ganderbal,JK,0,78.4,78.6,SWACHH_API
1007,Jammu,JK,1,95.7,96.3,SWACHH_API
1008,Kathua,JK,0,89.7,91.6,SWACHH_API
1009,Kishtwar,JK,0,78.8,80.5,SWACHH_API
1010,Kulgam,JK,0,79.4,81.7,SWACHH_API
1011,Kupwara,JK,0,79.9,80.5,SWACHH_API
1012,Poonch,JK,0,83.1,85.8,SWACHH_API
1013,Pulwama,JK,0,91.9,93.7,SWACHH_API
1014,Rajouri,JK,1,96.7,98.5,SWACHH_API
1015,Ramban,JK,0,83.1,84.8,SWACHH_API
1016,Reasi,JK,1,96.3,99.1,SWACHH_API
1017,Samba,JK,0,85.8,88.3,SWACHH_API
1018,Shopian,JK,0,90.4,91.6,SWACHH_API
1019,Srinagar,JK,0,91.2,92.9,SWACHH_API
1020,Udhampur,JK,0,88.4,89.0,SWACHH_API
37001,Kargil,LA,1,97.7,100.0,SWACHH_API
37002,Leh,LA,0,81.1,83.4,SWACHH_API
31001,Lakshadweep,LD,0,84.3,86.0,SWACHH_API
34001,Karaikal,PY,0,86.9,87.4,SWACHH_API
34002,Mahe,PY,0,85.2,88.2,SWACHH_API
34003,Puducherry,PY,0,79.0,79.4,SWACHH_API
34004,Yanam,PY,0,84.6,86.3,SWACHH_API
